-- phpMyAdmin SQL Dump
-- version 4.0.10.7
-- http://www.phpmyadmin.net
--
-- Host: localhost
-- Generation Time: Aug 25, 2015 at 02:25 PM
-- Server version: 5.6.23
-- PHP Version: 5.4.31

SET SQL_MODE = "NO_AUTO_VALUE_ON_ZERO";
SET time_zone = "+00:00";


/*!40101 SET @OLD_CHARACTER_SET_CLIENT=@@CHARACTER_SET_CLIENT */;
/*!40101 SET @OLD_CHARACTER_SET_RESULTS=@@CHARACTER_SET_RESULTS */;
/*!40101 SET @OLD_COLLATION_CONNECTION=@@COLLATION_CONNECTION */;
/*!40101 SET NAMES utf8 */;

--
-- Database: `wwwclean_db`
--

-- --------------------------------------------------------

--
-- Table structure for table `address`
--

CREATE TABLE IF NOT EXISTS `address` (
  `id` int(11) NOT NULL AUTO_INCREMENT,
  `address_line_1` varchar(50) COLLATE utf8_unicode_ci DEFAULT NULL,
  `address_line_2` varchar(50) COLLATE utf8_unicode_ci DEFAULT NULL,
  `address_line_3` varchar(50) COLLATE utf8_unicode_ci DEFAULT NULL,
  `city` varchar(30) COLLATE utf8_unicode_ci DEFAULT NULL,
  `county` int(11) NOT NULL,
  `postcode` varchar(10) COLLATE utf8_unicode_ci DEFAULT NULL,
  `company_id` int(11) NOT NULL,
  `invoice` tinyint(4) NOT NULL,
  PRIMARY KEY (`id`)
) ENGINE=InnoDB  DEFAULT CHARSET=utf8 COLLATE=utf8_unicode_ci AUTO_INCREMENT=55 ;

--
-- Dumping data for table `address`
--

INSERT INTO `address` (`id`, `address_line_1`, `address_line_2`, `address_line_3`, `city`, `county`, `postcode`, `company_id`, `invoice`) VALUES
(1, 'Linden House', '1 Convent Lane', '', 'Hull', 0, 'hu3 2nt', 2, 0),
(3, '1 est st', NULL, NULL, 'Grimsby', 673, 'yu786tf', 0, 0),
(5, '1 est st', NULL, NULL, 'Grimsby', 673, 'yu786tf', 0, 0),
(6, '1 test st', 'test ave', '', 'hull', 673, 'HU5 3AY', 3, 1),
(7, '1 test st', 'test ave', '', 'hull', 0, 'hu3 2nt', 3, 0),
(8, '1 test st', 'test ave', NULL, 'hull', 673, 'hu65yw', 4, 1),
(9, '1 test st', 'test ave', '', 'hull', 0, 'hu65yw', 4, 0),
(10, 'Lister St', '', '', 'Hull', 673, ' HU1 2RZ', 0, 0),
(11, '1 Test Ave', 'Testing St', '', 'Hull', 673, 'hu55dr', 0, 0),
(12, '1 Test Ave', 'Testing St', '', 'Hull', 673, 'hu55dr', 0, 0),
(13, '1 Test Ave', 'Testing St', '', 'Hull', 673, 'hu55dr', 0, 0),
(14, '1 Convent Lane', 'Linden House Busonesdabjkf', 'ksdghf', 'sfkjgh', 1511, 'LS262TW', 0, 0),
(15, '1 fgjdfjdfj', 'rhfzdfh', 'arshawrh', 'hull', 43, 'hu32nt', 0, 0),
(17, '  Hull', NULL, NULL, 'Hull', 673, 'HU32NT', 0, 0),
(18, 'The Kings House', '32  Rutherglen Drive', NULL, 'Hull', 673, 'HU93PE', 0, 0),
(19, '  Hull', NULL, NULL, 'Hull', 673, 'HU32NT', 0, 0),
(21, '1 test ave', '', '', 'hull', 673, 'hu52sb', 0, 0),
(22, '1 etstdkjnef', '', '', 'sdfced', 1072, 'jh787jhd', 0, 0),
(23, '1 etstdkjnef', '', '', 'sdfced', 1072, 'jh787jhd', 0, 0),
(24, '1 etstdkjnef', '', '', 'sdfced', 1072, 'jh787jhd', 0, 0),
(25, '1 some street', 'some address', '', 'Sheffield', 2150, 'ls115ty', 0, 0),
(26, '21  Flaxdale Court', NULL, NULL, 'Hull', 673, 'hu55dr', 0, 0),
(27, '919  Spring Bank West', NULL, NULL, 'Hull', 673, 'HU5 5BE', 0, 0),
(28, '21  Flaxdale Court', NULL, NULL, 'Hull', 673, 'hu55dr', 0, 0),
(29, '919  Spring Bank West', NULL, NULL, 'Hull', 673, 'HU5 5BE', 0, 0),
(30, '21  Flaxdale Court', NULL, NULL, 'Hull', 673, 'hu55dr', 0, 0),
(31, '919  Spring Bank West', NULL, NULL, 'Hull', 673, 'HU5 5BE', 0, 0),
(32, '21  Flaxdale Court', NULL, NULL, 'Hull', 673, 'hu55dr', 0, 0),
(33, '919  Spring Bank West', NULL, NULL, 'Hull', 673, 'HU5 5BE', 0, 0),
(35, '919  Spring Bank West', NULL, NULL, 'Hull', 673, 'HU5 5BE', 0, 0),
(36, 'Unit 1/Willowbridge Way', '', '', 'Castleford', 167, 'WF10 5NP', 0, 0),
(37, 'The Point', 'Stoneferry Road', '', 'Hull', 673, 'HU8 8BZ', 0, 0),
(38, 'Multex House/Cannon St', '', '', 'Hull ', 673, 'HU2 0AB', 0, 0),
(39, 'Ipark Industrial Estate', 'Innovation Dr', '', 'Hull', 214, 'HU5 1SG', 0, 0),
(40, 'Unit B5B', 'Chamberlain Business Park', '', 'Hull', 1049, 'HU8 8HL', 0, 0),
(41, 'Unit 6A ', '', '', 'Hull', 673, 'HU5 4HF', 0, 0),
(43, '919  Spring Bank West', NULL, NULL, 'Hull', 673, 'HU5 5BE', 0, 0),
(45, '21  Lowdale Close', NULL, NULL, 'Hull', 673, 'hu55dr', 0, 0),
(47, '  1 Convent Lane', NULL, NULL, 'Hull', 673, 'hu32nt', 0, 0),
(52, '1  Convent Lane', NULL, NULL, 'Hull', 673, 'hu32nt', 0, 0),
(53, '1  Convent Lane', NULL, NULL, 'Hull', 673, 'hu32nt', 0, 0),
(54, '21  Flaxdale Court', NULL, NULL, 'Hull', 673, 'hu55dr', 0, 0);

-- --------------------------------------------------------

--
-- Table structure for table `allocation`
--

CREATE TABLE IF NOT EXISTS `allocation` (
  `id` int(11) NOT NULL AUTO_INCREMENT,
  `machine_id` int(11) NOT NULL,
  `staff_id` int(11) NOT NULL,
  `customer_id` int(11) NOT NULL,
  `site_id` int(11) NOT NULL,
  PRIMARY KEY (`id`)
) ENGINE=InnoDB  DEFAULT CHARSET=latin1 AUTO_INCREMENT=37 ;

--
-- Dumping data for table `allocation`
--

INSERT INTO `allocation` (`id`, `machine_id`, `staff_id`, `customer_id`, `site_id`) VALUES
(24, 3, 0, 1, 3),
(25, 4, 0, 1, 4),
(26, 6, 0, 1, 1),
(35, 7, 2, 0, 0),
(36, 5, 25, 0, 0);

-- --------------------------------------------------------

--
-- Table structure for table `areas`
--

CREATE TABLE IF NOT EXISTS `areas` (
  `id` int(11) NOT NULL AUTO_INCREMENT,
  `qa_id` tinyint(4) NOT NULL,
  `area_id` int(11) NOT NULL,
  `score` int(11) NOT NULL,
  PRIMARY KEY (`id`)
) ENGINE=InnoDB  DEFAULT CHARSET=latin1 AUTO_INCREMENT=23 ;

--
-- Dumping data for table `areas`
--

INSERT INTO `areas` (`id`, `qa_id`, `area_id`, `score`) VALUES
(1, 1, 1, 2),
(2, 1, 3, 2),
(3, 1, 2, 2),
(4, 2, 1, 3),
(5, 2, 3, 3),
(6, 2, 2, 3),
(7, 3, 1, 2),
(8, 3, 3, 2),
(9, 3, 2, 2),
(10, 4, 4, 2),
(11, 4, 5, 2),
(12, 5, 4, 3),
(13, 5, 5, 3),
(14, 6, 1, 4),
(15, 6, 3, 4),
(16, 6, 2, 4),
(17, 7, 5, 2),
(18, 7, 4, 2),
(19, 8, 10, 3),
(20, 8, 9, 3),
(21, 8, 8, 2),
(22, 8, 7, 3);

-- --------------------------------------------------------

--
-- Table structure for table `certifications`
--

CREATE TABLE IF NOT EXISTS `certifications` (
  `id` int(11) NOT NULL AUTO_INCREMENT,
  `staff_id` int(11) NOT NULL,
  `type` tinyint(4) NOT NULL,
  `dbs` tinyint(4) NOT NULL,
  `discrepencies` tinyint(4) NOT NULL,
  `verified` tinyint(4) NOT NULL,
  `description` text,
  `grade` varchar(20) DEFAULT NULL,
  `signiture` tinyint(4) NOT NULL,
  PRIMARY KEY (`id`)
) ENGINE=InnoDB  DEFAULT CHARSET=latin1 AUTO_INCREMENT=16 ;

--
-- Dumping data for table `certifications`
--

INSERT INTO `certifications` (`id`, `staff_id`, `type`, `dbs`, `discrepencies`, `verified`, `description`, `grade`, `signiture`) VALUES
(1, 1, 1, 1, 0, 0, NULL, NULL, 0),
(2, 2, 1, 1, 0, 0, NULL, NULL, 0),
(3, 14, 1, 1, 1, 1, 'wedewsadx fdfcedscx', NULL, 1),
(4, 15, 1, 0, 0, 0, NULL, NULL, 1),
(5, 16, 1, 0, 1, 0, NULL, NULL, 1),
(6, 17, 1, 0, 0, 0, NULL, NULL, 1),
(7, 18, 1, 0, 0, 0, NULL, NULL, 1),
(8, 19, 1, 0, 0, 0, NULL, NULL, 1),
(9, 20, 1, 0, 0, 0, NULL, NULL, 1),
(10, 21, 1, 0, 0, 0, NULL, NULL, 1),
(11, 22, 1, 0, 0, 0, NULL, NULL, 1),
(12, 23, 1, 0, 0, 0, NULL, NULL, 0),
(13, 24, 1, 0, 0, 0, NULL, NULL, 0),
(14, 25, 1, 0, 1, 0, NULL, NULL, 1),
(15, 26, 1, 0, 0, 0, NULL, NULL, 1);

-- --------------------------------------------------------

--
-- Table structure for table `ci_sessions`
--

CREATE TABLE IF NOT EXISTS `ci_sessions` (
  `session_id` varchar(40) NOT NULL DEFAULT '0',
  `ip_address` varchar(45) NOT NULL DEFAULT '0',
  `user_agent` varchar(120) NOT NULL,
  `last_activity` int(10) unsigned NOT NULL DEFAULT '0',
  `user_data` text NOT NULL,
  PRIMARY KEY (`session_id`),
  KEY `last_activity_idx` (`last_activity`)
) ENGINE=InnoDB DEFAULT CHARSET=latin1;

--
-- Dumping data for table `ci_sessions`
--

INSERT INTO `ci_sessions` (`session_id`, `ip_address`, `user_agent`, `last_activity`, `user_data`) VALUES
('0171558e6e133867a6c5fc697068c831', '185.4.24.26', 'Mozilla/5.0 (Macintosh; Intel Mac OS X 10.10; rv:38.0) Gecko/20100101 Firefox/38.0', 1432801075, 'a:33:{s:9:"user_data";s:0:"";s:7:"counter";i:0;s:5:"title";s:2:"Mr";s:9:"user_type";s:1:"2";s:10:"first_name";s:4:"Paul";s:9:"last_name";s:9:"Stevenson";s:6:"gender";s:6:"Female";s:10:"contact_id";s:1:"1";s:9:"master_id";s:1:"1";s:10:"company_id";s:1:"2";s:12:"reference_id";s:1:"0";s:12:"company_name";s:15:"PC Repairs Hull";s:12:"company_type";s:15:"Limited Company";s:14:"company_number";s:10:"2147483647";s:8:"username";s:7:"ppwalks";s:2:"id";s:1:"1";s:7:"user_id";s:1:"1";s:5:"staff";s:1:"1";s:6:"stores";s:1:"1";s:9:"customers";s:1:"1";s:5:"sites";s:1:"1";s:14:"specifications";s:1:"1";s:9:"suppliers";s:1:"1";s:15:"sub_contractors";s:1:"1";s:9:"scheduals";s:1:"1";s:11:"work_orders";s:1:"1";s:9:"documents";s:1:"1";s:12:"contact_book";s:1:"1";s:8:"accounts";s:1:"1";s:13:"control_panel";s:1:"1";s:12:"messageCount";i:0;s:10:"alertCount";i:2;s:8:"location";i:1;}'),
('01f42639a2744b45a05371125e96ebe7', '151.249.66.247', 'Mozilla/5.0 (Macintosh; Intel Mac OS X 10.9; rv:38.0) Gecko/20100101 Firefox/38.0', 1433503314, 'a:34:{s:9:"user_data";s:0:"";s:7:"counter";i:0;s:5:"title";s:2:"Mr";s:9:"user_type";s:1:"5";s:10:"first_name";s:6:"Julian";s:9:"last_name";s:5:"Green";s:6:"gender";s:4:"Male";s:10:"contact_id";s:2:"14";s:9:"master_id";s:1:"1";s:10:"company_id";s:1:"2";s:12:"reference_id";s:1:"0";s:12:"company_name";s:15:"PC Repairs Hull";s:12:"company_type";s:15:"Limited Company";s:14:"company_number";s:10:"2147483647";s:8:"username";s:7:"juliang";s:2:"id";s:1:"2";s:7:"user_id";s:2:"10";s:5:"staff";s:1:"2";s:6:"stores";s:1:"2";s:9:"customers";s:1:"2";s:5:"sites";s:1:"2";s:14:"specifications";s:1:"2";s:9:"suppliers";s:1:"2";s:15:"sub_contractors";s:1:"2";s:9:"scheduals";s:1:"2";s:11:"work_orders";s:1:"3";s:9:"documents";s:1:"2";s:12:"contact_book";s:1:"2";s:8:"accounts";s:1:"2";s:13:"control_panel";s:1:"2";s:12:"messageCount";i:0;s:10:"alertCount";i:3;s:17:"flash:old:message";s:190:"<span class="glyphicon glyphicon-remove"></span>&nbsp;&nbsp;<span class="hidden-xs">You have been logged out the system!.</span><span class="hidden-lg hidden-md hidden-sm">Logged Out!</span>";s:17:"flash:new:message";b:0;}'),
('088e42b082f2736b1c022511724493fd', '192.168.1.134', 'Mozilla/5.0 (X11; Ubuntu; Linux x86_64; rv:37.0) Gecko/20100101 Firefox/37.0', 1431854463, 'a:2:{s:9:"user_data";s:0:"";s:17:"flash:new:message";b:0;}'),
('0e389ae1f6f9b8ea7b6532db8afd996a', '127.0.0.1', 'Mozilla/5.0 (Macintosh; Intel Mac OS X 10.10; rv:37.0) Gecko/20100101 Firefox/37.0', 1431194487, 'a:32:{s:9:"user_data";s:0:"";s:7:"counter";i:0;s:5:"title";s:2:"Mr";s:9:"user_type";s:1:"2";s:10:"first_name";s:4:"Paul";s:9:"last_name";s:9:"Stevenson";s:6:"gender";s:6:"Female";s:10:"contact_id";s:1:"1";s:9:"master_id";s:1:"1";s:10:"company_id";s:1:"2";s:12:"reference_id";s:1:"0";s:12:"company_name";s:15:"PC Repairs Hull";s:12:"company_type";s:15:"Limited Company";s:14:"company_number";s:10:"2147483647";s:8:"username";s:7:"ppwalks";s:2:"id";s:1:"1";s:7:"user_id";s:1:"1";s:5:"staff";s:1:"1";s:6:"stores";s:1:"1";s:9:"customers";s:1:"1";s:5:"sites";s:1:"1";s:14:"specifications";s:1:"1";s:9:"suppliers";s:1:"1";s:15:"sub_contractors";s:1:"1";s:9:"scheduals";s:1:"1";s:11:"work_orders";s:1:"1";s:9:"documents";s:1:"1";s:12:"contact_book";s:1:"1";s:8:"accounts";s:1:"1";s:13:"control_panel";s:1:"1";s:12:"messageCount";i:0;s:10:"alertCount";i:2;}'),
('1334fcf9f09c5d0af2afab87c90ac1d9', '151.249.66.247', 'Mozilla/5.0 (Macintosh; Intel Mac OS X 10.9; rv:38.0) Gecko/20100101 Firefox/38.0', 1435477415, 'a:32:{s:9:"user_data";s:0:"";s:7:"counter";i:0;s:12:"messageCount";i:0;s:10:"alertCount";i:7;s:5:"title";s:2:"Mr";s:9:"user_type";s:1:"5";s:10:"first_name";s:6:"Julian";s:9:"last_name";s:5:"Green";s:6:"gender";s:4:"Male";s:10:"contact_id";s:2:"14";s:9:"master_id";s:1:"1";s:10:"company_id";s:1:"2";s:12:"reference_id";s:1:"0";s:12:"company_name";s:15:"PC Repairs Hull";s:12:"company_type";s:15:"Limited Company";s:14:"company_number";s:10:"2147483647";s:8:"username";s:7:"juliang";s:2:"id";s:1:"2";s:7:"user_id";s:2:"10";s:5:"staff";s:1:"2";s:6:"stores";s:1:"2";s:9:"customers";s:1:"2";s:5:"sites";s:1:"2";s:14:"specifications";s:1:"2";s:9:"suppliers";s:1:"2";s:15:"sub_contractors";s:1:"2";s:9:"scheduals";s:1:"2";s:11:"work_orders";s:1:"3";s:9:"documents";s:1:"2";s:12:"contact_book";s:1:"2";s:8:"accounts";s:1:"2";s:13:"control_panel";s:1:"2";}'),
('2093b693ff7c55302d9968e254709a19', '85.255.234.109', 'Mozilla/5.0 (iPhone; CPU iPhone OS 8_2 like Mac OS X) AppleWebKit/600.1.4 (KHTML, like Gecko) Version/8.0 Mobile/12D508 ', 1435070403, 'a:30:{s:9:"user_data";s:0:"";s:7:"counter";i:0;s:5:"title";s:2:"Mr";s:9:"user_type";s:1:"2";s:10:"first_name";s:4:"Paul";s:9:"last_name";s:9:"Stevenson";s:6:"gender";s:6:"Female";s:10:"contact_id";s:1:"1";s:9:"master_id";s:1:"1";s:10:"company_id";s:1:"2";s:12:"reference_id";s:1:"0";s:12:"company_name";s:15:"PC Repairs Hull";s:12:"company_type";s:15:"Limited Company";s:14:"company_number";s:10:"2147483647";s:8:"username";s:7:"ppwalks";s:2:"id";s:1:"1";s:7:"user_id";s:1:"1";s:5:"staff";s:1:"1";s:6:"stores";s:1:"1";s:9:"customers";s:1:"1";s:5:"sites";s:1:"1";s:14:"specifications";s:1:"1";s:9:"suppliers";s:1:"1";s:15:"sub_contractors";s:1:"1";s:9:"scheduals";s:1:"1";s:11:"work_orders";s:1:"1";s:9:"documents";s:1:"1";s:12:"contact_book";s:1:"1";s:8:"accounts";s:1:"1";s:13:"control_panel";s:1:"1";}'),
('28f54ac5a8209d8cd087aad2aa3ddfc2', '151.249.66.247', 'Mozilla/5.0 (Macintosh; Intel Mac OS X 10.9; rv:38.0) Gecko/20100101 Firefox/38.0', 1433450398, 'a:35:{s:9:"user_data";s:0:"";s:7:"counter";i:0;s:12:"messageCount";i:0;s:10:"alertCount";i:3;s:5:"title";s:2:"Mr";s:9:"user_type";s:1:"5";s:10:"first_name";s:6:"Julian";s:9:"last_name";s:5:"Green";s:6:"gender";s:4:"Male";s:10:"contact_id";s:2:"14";s:9:"master_id";s:1:"1";s:10:"company_id";s:1:"2";s:12:"reference_id";s:1:"0";s:12:"company_name";s:15:"PC Repairs Hull";s:12:"company_type";s:15:"Limited Company";s:14:"company_number";s:10:"2147483647";s:8:"username";s:7:"juliang";s:2:"id";s:1:"2";s:7:"user_id";s:2:"10";s:5:"staff";s:1:"2";s:6:"stores";s:1:"2";s:9:"customers";s:1:"2";s:5:"sites";s:1:"2";s:14:"specifications";s:1:"2";s:9:"suppliers";s:1:"2";s:15:"sub_contractors";s:1:"2";s:9:"scheduals";s:1:"2";s:11:"work_orders";s:1:"3";s:9:"documents";s:1:"2";s:12:"contact_book";s:1:"2";s:8:"accounts";s:1:"2";s:13:"control_panel";s:1:"2";s:8:"location";i:2;s:17:"flash:old:message";s:190:"<span class="glyphicon glyphicon-remove"></span>&nbsp;&nbsp;<span class="hidden-xs">You have been logged out the system!.</span><span class="hidden-lg hidden-md hidden-sm">Logged Out!</span>";s:17:"flash:new:message";b:0;}'),
('2fb08462ddb0f8d487c8c52523556913', '94.72.234.198', 'Mozilla/5.0 (Windows NT 6.1; WOW64; rv:38.0) Gecko/20100101 Firefox/38.0', 1435824984, 'a:33:{s:9:"user_data";s:0:"";s:7:"counter";i:0;s:12:"messageCount";i:1;s:10:"alertCount";i:7;s:8:"location";i:1;s:5:"title";s:2:"Mr";s:9:"user_type";s:1:"2";s:10:"first_name";s:4:"Paul";s:9:"last_name";s:9:"Stevenson";s:6:"gender";s:6:"Female";s:10:"contact_id";s:1:"1";s:9:"master_id";s:1:"1";s:10:"company_id";s:1:"2";s:12:"reference_id";s:1:"0";s:12:"company_name";s:15:"PC Repairs Hull";s:12:"company_type";s:15:"Limited Company";s:14:"company_number";s:10:"2147483647";s:8:"username";s:7:"ppwalks";s:2:"id";s:1:"1";s:7:"user_id";s:1:"1";s:5:"staff";s:1:"1";s:6:"stores";s:1:"1";s:9:"customers";s:1:"1";s:5:"sites";s:1:"1";s:14:"specifications";s:1:"1";s:9:"suppliers";s:1:"1";s:15:"sub_contractors";s:1:"1";s:9:"scheduals";s:1:"1";s:11:"work_orders";s:1:"1";s:9:"documents";s:1:"1";s:12:"contact_book";s:1:"1";s:8:"accounts";s:1:"1";s:13:"control_panel";s:1:"1";}'),
('335e7563ef9b591bef84ae42529bc0ea', '151.249.66.247', 'Mozilla/5.0 (Macintosh; Intel Mac OS X 10.9; rv:38.0) Gecko/20100101 Firefox/38.0', 1433102583, 'a:35:{s:9:"user_data";s:0:"";s:7:"counter";i:0;s:5:"title";s:2:"Mr";s:9:"user_type";s:1:"5";s:10:"first_name";s:6:"Julian";s:9:"last_name";s:5:"Green";s:6:"gender";s:4:"Male";s:10:"contact_id";s:2:"14";s:9:"master_id";s:1:"1";s:10:"company_id";s:1:"2";s:12:"reference_id";s:1:"0";s:12:"company_name";s:15:"PC Repairs Hull";s:12:"company_type";s:15:"Limited Company";s:14:"company_number";s:10:"2147483647";s:8:"username";s:7:"juliang";s:2:"id";s:1:"2";s:7:"user_id";s:2:"10";s:5:"staff";s:1:"2";s:6:"stores";s:1:"2";s:9:"customers";s:1:"2";s:5:"sites";s:1:"2";s:14:"specifications";s:1:"2";s:9:"suppliers";s:1:"2";s:15:"sub_contractors";s:1:"2";s:9:"scheduals";s:1:"2";s:11:"work_orders";s:1:"3";s:9:"documents";s:1:"2";s:12:"contact_book";s:1:"2";s:8:"accounts";s:1:"2";s:13:"control_panel";s:1:"2";s:12:"messageCount";i:0;s:10:"alertCount";i:3;s:8:"location";i:2;s:17:"flash:old:message";s:190:"<span class="glyphicon glyphicon-remove"></span>&nbsp;&nbsp;<span class="hidden-xs">You have been logged out the system!.</span><span class="hidden-lg hidden-md hidden-sm">Logged Out!</span>";s:17:"flash:new:message";b:0;}'),
('3dd52f8e5ef934060e12a72041fdff01', '127.0.0.1', 'Mozilla/5.0 (Macintosh; Intel Mac OS X 10.10; rv:38.0) Gecko/20100101 Firefox/38.0', 1432484763, 'a:32:{s:9:"user_data";s:0:"";s:7:"counter";i:0;s:5:"title";s:2:"Mr";s:9:"user_type";s:1:"2";s:10:"first_name";s:4:"Paul";s:9:"last_name";s:9:"Stevenson";s:6:"gender";s:6:"Female";s:10:"contact_id";s:1:"1";s:9:"master_id";s:1:"1";s:10:"company_id";s:1:"2";s:12:"reference_id";s:1:"0";s:12:"company_name";s:15:"PC Repairs Hull";s:12:"company_type";s:15:"Limited Company";s:14:"company_number";s:10:"2147483647";s:8:"username";s:7:"ppwalks";s:2:"id";s:1:"1";s:7:"user_id";s:1:"1";s:5:"staff";s:1:"1";s:6:"stores";s:1:"1";s:9:"customers";s:1:"1";s:5:"sites";s:1:"1";s:14:"specifications";s:1:"1";s:9:"suppliers";s:1:"1";s:15:"sub_contractors";s:1:"1";s:9:"scheduals";s:1:"1";s:11:"work_orders";s:1:"1";s:9:"documents";s:1:"1";s:12:"contact_book";s:1:"1";s:8:"accounts";s:1:"1";s:13:"control_panel";s:1:"1";s:12:"messageCount";i:0;s:10:"alertCount";i:2;}'),
('41edbe0731908ae2e7392574741ca536', '151.249.66.247', 'Mozilla/5.0 (Macintosh; Intel Mac OS X 10.9; rv:38.0) Gecko/20100101 Firefox/38.0', 1437159909, 'a:34:{s:9:"user_data";s:0:"";s:7:"counter";i:0;s:12:"messageCount";i:0;s:10:"alertCount";i:7;s:5:"title";s:2:"Mr";s:9:"user_type";s:1:"5";s:10:"first_name";s:6:"Julian";s:9:"last_name";s:5:"Green";s:6:"gender";s:4:"Male";s:10:"contact_id";s:2:"14";s:9:"master_id";s:1:"1";s:10:"company_id";s:1:"2";s:12:"reference_id";s:1:"0";s:12:"company_name";s:15:"PC Repairs Hull";s:12:"company_type";s:15:"Limited Company";s:14:"company_number";s:10:"2147483647";s:8:"username";s:7:"juliang";s:2:"id";s:1:"2";s:7:"user_id";s:2:"10";s:5:"staff";s:1:"2";s:6:"stores";s:1:"2";s:9:"customers";s:1:"2";s:5:"sites";s:1:"2";s:14:"specifications";s:1:"2";s:9:"suppliers";s:1:"2";s:15:"sub_contractors";s:1:"2";s:9:"scheduals";s:1:"2";s:11:"work_orders";s:1:"3";s:9:"documents";s:1:"2";s:12:"contact_book";s:1:"2";s:8:"accounts";s:1:"2";s:13:"control_panel";s:1:"2";s:17:"flash:old:message";s:190:"<span class="glyphicon glyphicon-remove"></span>&nbsp;&nbsp;<span class="hidden-xs">You have been logged out the system!.</span><span class="hidden-lg hidden-md hidden-sm">Logged Out!</span>";s:17:"flash:new:message";b:0;}'),
('4217b4624bb3d84ee08c5358ca32e2c2', '151.249.66.247', 'Mozilla/5.0 (Macintosh; Intel Mac OS X 10.9; rv:38.0) Gecko/20100101 Firefox/38.0', 1432577098, 'a:2:{s:9:"user_data";s:0:"";s:17:"flash:new:message";b:0;}'),
('50f04121358d55f299ad33f8cc8e6ab6', '127.0.0.1', 'Mozilla/5.0 (Macintosh; Intel Mac OS X 10.10; rv:38.0) Gecko/20100101 Firefox/38.0', 1432571902, 'a:35:{s:9:"user_data";s:0:"";s:7:"counter";i:0;s:5:"title";s:2:"Mr";s:9:"user_type";s:1:"2";s:10:"first_name";s:4:"Paul";s:9:"last_name";s:9:"Stevenson";s:6:"gender";s:6:"Female";s:10:"contact_id";s:1:"1";s:9:"master_id";s:1:"1";s:10:"company_id";s:1:"2";s:12:"reference_id";s:1:"0";s:12:"company_name";s:15:"PC Repairs Hull";s:12:"company_type";s:15:"Limited Company";s:14:"company_number";s:10:"2147483647";s:8:"username";s:7:"ppwalks";s:2:"id";s:1:"1";s:7:"user_id";s:1:"1";s:5:"staff";s:1:"1";s:6:"stores";s:1:"1";s:9:"customers";s:1:"1";s:5:"sites";s:1:"1";s:14:"specifications";s:1:"1";s:9:"suppliers";s:1:"1";s:15:"sub_contractors";s:1:"1";s:9:"scheduals";s:1:"1";s:11:"work_orders";s:1:"1";s:9:"documents";s:1:"1";s:12:"contact_book";s:1:"1";s:8:"accounts";s:1:"1";s:13:"control_panel";s:1:"1";s:12:"messageCount";i:0;s:10:"alertCount";i:2;s:5:"order";s:1:"1";s:13:"cart_contents";a:3:{s:32:"1679091c5a880faf6fb5e6087eb1b2dc";a:8:{s:5:"rowid";s:32:"1679091c5a880faf6fb5e6087eb1b2dc";s:2:"id";s:1:"6";s:3:"qty";s:2:"10";s:4:"name";s:10:"Bleach 10%";s:5:"price";s:3:".00";s:6:"target";s:1:"6";s:14:"original_stock";s:2:"19";s:8:"subtotal";d:0;}s:11:"total_items";i:10;s:10:"cart_total";d:0;}s:8:"location";i:2;}'),
('6818583169e70f03cdd00aa2008a8770', '127.0.0.1', 'Mozilla/5.0 (Macintosh; Intel Mac OS X 10.10; rv:38.0) Gecko/20100101 Firefox/38.0', 1432468429, ''),
('751e499c2d69a94a983b9e51a3b3a43d', '151.249.66.247', 'Mozilla/5.0 (Macintosh; Intel Mac OS X 10.9; rv:38.0) Gecko/20100101 Firefox/38.0', 1432810682, 'a:35:{s:9:"user_data";s:0:"";s:7:"counter";i:0;s:12:"messageCount";i:1;s:10:"alertCount";i:2;s:8:"location";i:1;s:5:"title";s:2:"Mr";s:9:"user_type";s:1:"5";s:10:"first_name";s:6:"Julian";s:9:"last_name";s:5:"Green";s:6:"gender";s:4:"Male";s:10:"contact_id";s:2:"14";s:9:"master_id";s:1:"1";s:10:"company_id";s:1:"2";s:12:"reference_id";s:1:"0";s:12:"company_name";s:15:"PC Repairs Hull";s:12:"company_type";s:15:"Limited Company";s:14:"company_number";s:10:"2147483647";s:8:"username";s:7:"juliang";s:2:"id";s:1:"2";s:7:"user_id";s:2:"10";s:5:"staff";s:1:"2";s:6:"stores";s:1:"2";s:9:"customers";s:1:"2";s:5:"sites";s:1:"2";s:14:"specifications";s:1:"2";s:9:"suppliers";s:1:"2";s:15:"sub_contractors";s:1:"2";s:9:"scheduals";s:1:"2";s:11:"work_orders";s:1:"3";s:9:"documents";s:1:"2";s:12:"contact_book";s:1:"2";s:8:"accounts";s:1:"2";s:13:"control_panel";s:1:"2";s:17:"flash:old:message";s:190:"<span class="glyphicon glyphicon-remove"></span>&nbsp;&nbsp;<span class="hidden-xs">You have been logged out the system!.</span><span class="hidden-lg hidden-md hidden-sm">Logged Out!</span>";s:17:"flash:new:message";b:0;}'),
('7c168ce00f5e6c5e0e59c808130f53e4', '77.86.83.69', 'Mozilla/5.0 (Macintosh; Intel Mac OS X 10.5; rv:16.0) Gecko/20100101 Firefox/16.0', 1434036514, 'a:34:{s:9:"user_data";s:0:"";s:7:"counter";i:0;s:5:"title";s:2:"Mr";s:9:"user_type";s:1:"2";s:10:"first_name";s:4:"Paul";s:9:"last_name";s:9:"Stevenson";s:6:"gender";s:6:"Female";s:10:"contact_id";s:1:"1";s:9:"master_id";s:1:"1";s:10:"company_id";s:1:"2";s:12:"reference_id";s:1:"0";s:12:"company_name";s:15:"PC Repairs Hull";s:12:"company_type";s:15:"Limited Company";s:14:"company_number";s:10:"2147483647";s:8:"username";s:7:"ppwalks";s:2:"id";s:1:"1";s:7:"user_id";s:1:"1";s:5:"staff";s:1:"1";s:6:"stores";s:1:"1";s:9:"customers";s:1:"1";s:5:"sites";s:1:"1";s:14:"specifications";s:1:"1";s:9:"suppliers";s:1:"1";s:15:"sub_contractors";s:1:"1";s:9:"scheduals";s:1:"1";s:11:"work_orders";s:1:"1";s:9:"documents";s:1:"1";s:12:"contact_book";s:1:"1";s:8:"accounts";s:1:"1";s:13:"control_panel";s:1:"1";s:12:"messageCount";i:0;s:10:"alertCount";i:5;s:17:"flash:old:message";s:190:"<span class="glyphicon glyphicon-remove"></span>&nbsp;&nbsp;<span class="hidden-xs">You have been logged out the system!.</span><span class="hidden-lg hidden-md hidden-sm">Logged Out!</span>";s:17:"flash:new:message";b:0;}'),
('7ef0c9583a736c3c649e25fd27f5291b', '151.249.66.247', 'Mozilla/5.0 (Macintosh; Intel Mac OS X 10.9; rv:38.0) Gecko/20100101 Firefox/38.0', 1435343335, 'a:35:{s:9:"user_data";s:0:"";s:7:"counter";i:0;s:12:"messageCount";i:0;s:10:"alertCount";i:5;s:8:"location";i:2;s:5:"title";s:2:"Mr";s:9:"user_type";s:1:"5";s:10:"first_name";s:6:"Julian";s:9:"last_name";s:5:"Green";s:6:"gender";s:4:"Male";s:10:"contact_id";s:2:"14";s:9:"master_id";s:1:"1";s:10:"company_id";s:1:"2";s:12:"reference_id";s:1:"0";s:12:"company_name";s:15:"PC Repairs Hull";s:12:"company_type";s:15:"Limited Company";s:14:"company_number";s:10:"2147483647";s:8:"username";s:7:"juliang";s:2:"id";s:1:"2";s:7:"user_id";s:2:"10";s:5:"staff";s:1:"2";s:6:"stores";s:1:"2";s:9:"customers";s:1:"2";s:5:"sites";s:1:"2";s:14:"specifications";s:1:"2";s:9:"suppliers";s:1:"2";s:15:"sub_contractors";s:1:"2";s:9:"scheduals";s:1:"2";s:11:"work_orders";s:1:"3";s:9:"documents";s:1:"2";s:12:"contact_book";s:1:"2";s:8:"accounts";s:1:"2";s:13:"control_panel";s:1:"2";s:17:"flash:old:message";s:190:"<span class="glyphicon glyphicon-remove"></span>&nbsp;&nbsp;<span class="hidden-xs">You have been logged out the system!.</span><span class="hidden-lg hidden-md hidden-sm">Logged Out!</span>";s:17:"flash:new:message";b:0;}'),
('7fa167654fea239110c333c1436623a4', '185.4.24.26', 'Mozilla/5.0 (Macintosh; Intel Mac OS X 10.10; rv:38.0) Gecko/20100101 Firefox/38.0', 1433339913, 'a:32:{s:9:"user_data";s:0:"";s:7:"counter";i:0;s:5:"title";s:2:"Mr";s:9:"user_type";s:1:"2";s:10:"first_name";s:4:"Paul";s:9:"last_name";s:9:"Stevenson";s:6:"gender";s:6:"Female";s:10:"contact_id";s:1:"1";s:9:"master_id";s:1:"1";s:10:"company_id";s:1:"2";s:12:"reference_id";s:1:"0";s:12:"company_name";s:15:"PC Repairs Hull";s:12:"company_type";s:15:"Limited Company";s:14:"company_number";s:10:"2147483647";s:8:"username";s:7:"ppwalks";s:2:"id";s:1:"1";s:7:"user_id";s:1:"1";s:5:"staff";s:1:"1";s:6:"stores";s:1:"1";s:9:"customers";s:1:"1";s:5:"sites";s:1:"1";s:14:"specifications";s:1:"1";s:9:"suppliers";s:1:"1";s:15:"sub_contractors";s:1:"1";s:9:"scheduals";s:1:"1";s:11:"work_orders";s:1:"1";s:9:"documents";s:1:"1";s:12:"contact_book";s:1:"1";s:8:"accounts";s:1:"1";s:13:"control_panel";s:1:"1";s:12:"messageCount";i:0;s:10:"alertCount";i:3;}'),
('8b8c0018377439edf0858186a703a72e', '185.42.3.165', 'Mozilla/5.0 (Macintosh; Intel Mac OS X 10.10; rv:40.0) Gecko/20100101 Firefox/40.0', 1439856384, ''),
('8f49c8a8a9192a5aca53417b1d62f9ce', '127.0.0.1', 'Mozilla/5.0 (Macintosh; Intel Mac OS X 10.10; rv:37.0) Gecko/20100101 Firefox/37.0', 1431256738, 'a:32:{s:9:"user_data";s:0:"";s:7:"counter";i:0;s:5:"title";s:2:"Mr";s:9:"user_type";s:1:"2";s:10:"first_name";s:4:"Paul";s:9:"last_name";s:9:"Stevenson";s:6:"gender";s:6:"Female";s:10:"contact_id";s:1:"1";s:9:"master_id";s:1:"1";s:10:"company_id";s:1:"2";s:12:"reference_id";s:1:"0";s:12:"company_name";s:15:"PC Repairs Hull";s:12:"company_type";s:15:"Limited Company";s:14:"company_number";s:10:"2147483647";s:8:"username";s:7:"ppwalks";s:2:"id";s:1:"1";s:7:"user_id";s:1:"1";s:5:"staff";s:1:"1";s:6:"stores";s:1:"1";s:9:"customers";s:1:"1";s:5:"sites";s:1:"1";s:14:"specifications";s:1:"1";s:9:"suppliers";s:1:"1";s:15:"sub_contractors";s:1:"1";s:9:"scheduals";s:1:"1";s:11:"work_orders";s:1:"1";s:9:"documents";s:1:"1";s:12:"contact_book";s:1:"1";s:8:"accounts";s:1:"1";s:13:"control_panel";s:1:"1";s:12:"messageCount";i:0;s:10:"alertCount";i:2;}'),
('95b97f611309b3bddcc7c98e93bce589', '185.4.24.26', 'Mozilla/5.0 (Macintosh; Intel Mac OS X 10.10; rv:38.0) Gecko/20100101 Firefox/38.0', 1432660580, 'a:33:{s:9:"user_data";s:0:"";s:7:"counter";i:0;s:5:"title";s:2:"Mr";s:9:"user_type";s:1:"2";s:10:"first_name";s:4:"Paul";s:9:"last_name";s:9:"Stevenson";s:6:"gender";s:6:"Female";s:10:"contact_id";s:1:"1";s:9:"master_id";s:1:"1";s:10:"company_id";s:1:"2";s:12:"reference_id";s:1:"0";s:12:"company_name";s:15:"PC Repairs Hull";s:12:"company_type";s:15:"Limited Company";s:14:"company_number";s:10:"2147483647";s:8:"username";s:7:"ppwalks";s:2:"id";s:1:"1";s:7:"user_id";s:1:"1";s:5:"staff";s:1:"1";s:6:"stores";s:1:"1";s:9:"customers";s:1:"1";s:5:"sites";s:1:"1";s:14:"specifications";s:1:"1";s:9:"suppliers";s:1:"1";s:15:"sub_contractors";s:1:"1";s:9:"scheduals";s:1:"1";s:11:"work_orders";s:1:"1";s:9:"documents";s:1:"1";s:12:"contact_book";s:1:"1";s:8:"accounts";s:1:"1";s:13:"control_panel";s:1:"1";s:12:"messageCount";i:0;s:10:"alertCount";i:2;s:8:"location";i:2;}'),
('99d3d497160e31c52d8c88b30b917c60', '151.249.66.247', 'Mozilla/5.0 (Macintosh; Intel Mac OS X 10.9; rv:38.0) Gecko/20100101 Firefox/38.0', 1435390535, 'a:2:{s:9:"user_data";s:0:"";s:17:"flash:new:message";b:0;}'),
('a45589acbce1f2d6c0bde9e98d64b34f', '151.249.66.247', 'Mozilla/5.0 (Macintosh; Intel Mac OS X 10.9; rv:38.0) Gecko/20100101 Firefox/38.0', 1432573197, 'a:35:{s:9:"user_data";s:0:"";s:7:"counter";i:0;s:5:"title";s:2:"Mr";s:9:"user_type";s:1:"5";s:10:"first_name";s:6:"Julian";s:9:"last_name";s:5:"Green";s:6:"gender";s:4:"Male";s:10:"contact_id";s:2:"14";s:9:"master_id";s:1:"1";s:10:"company_id";s:1:"2";s:12:"reference_id";s:1:"0";s:12:"company_name";s:15:"PC Repairs Hull";s:12:"company_type";s:15:"Limited Company";s:14:"company_number";s:10:"2147483647";s:8:"username";s:7:"juliang";s:2:"id";s:1:"2";s:7:"user_id";s:2:"10";s:5:"staff";s:1:"2";s:6:"stores";s:1:"2";s:9:"customers";s:1:"2";s:5:"sites";s:1:"2";s:14:"specifications";s:1:"2";s:9:"suppliers";s:1:"2";s:15:"sub_contractors";s:1:"2";s:9:"scheduals";s:1:"2";s:11:"work_orders";s:1:"3";s:9:"documents";s:1:"2";s:12:"contact_book";s:1:"2";s:8:"accounts";s:1:"2";s:13:"control_panel";s:1:"2";s:12:"messageCount";i:1;s:10:"alertCount";i:2;s:8:"location";i:2;s:17:"flash:old:message";s:190:"<span class="glyphicon glyphicon-remove"></span>&nbsp;&nbsp;<span class="hidden-xs">You have been logged out the system!.</span><span class="hidden-lg hidden-md hidden-sm">Logged Out!</span>";s:17:"flash:new:message";b:0;}'),
('aa51187583affaeb86963f7c8b4c5bec', '94.72.234.198', 'Mozilla/5.0 (Windows NT 6.1; WOW64; rv:35.0) Gecko/20100101 Firefox/35.0', 1433603548, 'a:2:{s:9:"user_data";s:0:"";s:17:"flash:new:message";b:0;}'),
('b2428a9f7c9357bf5458f0ed990c646c', '77.86.83.69', 'Mozilla/5.0 (X11; Ubuntu; Linux x86_64; rv:40.0) Gecko/20100101 Firefox/40.0', 1439457757, 'a:34:{s:9:"user_data";s:0:"";s:7:"counter";i:0;s:5:"title";s:2:"Mr";s:9:"user_type";s:1:"2";s:10:"first_name";s:4:"Paul";s:9:"last_name";s:9:"Stevenson";s:6:"gender";s:6:"Female";s:10:"contact_id";s:1:"1";s:9:"master_id";s:1:"1";s:10:"company_id";s:1:"2";s:12:"reference_id";s:1:"0";s:12:"company_name";s:15:"PC Repairs Hull";s:12:"company_type";s:15:"Limited Company";s:14:"company_number";s:10:"2147483647";s:8:"username";s:7:"ppwalks";s:2:"id";s:1:"1";s:7:"user_id";s:1:"1";s:5:"staff";s:1:"1";s:6:"stores";s:1:"1";s:9:"customers";s:1:"1";s:5:"sites";s:1:"1";s:14:"specifications";s:1:"1";s:9:"suppliers";s:1:"1";s:15:"sub_contractors";s:1:"1";s:9:"scheduals";s:1:"1";s:11:"work_orders";s:1:"1";s:9:"documents";s:1:"1";s:12:"contact_book";s:1:"1";s:8:"accounts";s:1:"1";s:13:"control_panel";s:1:"1";s:12:"messageCount";i:1;s:10:"alertCount";i:7;s:9:"siteCheck";a:0:{}s:6:"scores";a:4:{i:10;s:1:"3";s:2:" 9";s:1:"3";s:2:" 8";s:1:"2";s:2:" 7";s:1:"3";}}'),
('becf710e3ced5e37af1be948e4f5e975', '94.72.234.198', 'Mozilla/5.0 (Windows NT 6.1; WOW64; rv:39.0) Gecko/20100101 Firefox/39.0', 1436451383, 'a:32:{s:9:"user_data";s:0:"";s:7:"counter";i:0;s:5:"title";s:2:"Mr";s:9:"user_type";s:1:"2";s:10:"first_name";s:4:"Paul";s:9:"last_name";s:9:"Stevenson";s:6:"gender";s:6:"Female";s:10:"contact_id";s:1:"1";s:9:"master_id";s:1:"1";s:10:"company_id";s:1:"2";s:12:"reference_id";s:1:"0";s:12:"company_name";s:15:"PC Repairs Hull";s:12:"company_type";s:15:"Limited Company";s:14:"company_number";s:10:"2147483647";s:8:"username";s:7:"ppwalks";s:2:"id";s:1:"1";s:7:"user_id";s:1:"1";s:5:"staff";s:1:"1";s:6:"stores";s:1:"1";s:9:"customers";s:1:"1";s:5:"sites";s:1:"1";s:14:"specifications";s:1:"1";s:9:"suppliers";s:1:"1";s:15:"sub_contractors";s:1:"1";s:9:"scheduals";s:1:"1";s:11:"work_orders";s:1:"1";s:9:"documents";s:1:"1";s:12:"contact_book";s:1:"1";s:8:"accounts";s:1:"1";s:13:"control_panel";s:1:"1";s:12:"messageCount";i:1;s:10:"alertCount";i:7;}'),
('c859dbdf2ba3b2e8cd9c4c635a6b38e0', '185.42.3.165', 'Mozilla/5.0 (Macintosh; Intel Mac OS X 10.10; rv:40.0) Gecko/20100101 Firefox/40.0', 1439856506, 'a:32:{s:9:"user_data";s:0:"";s:7:"counter";i:0;s:5:"title";s:2:"Mr";s:9:"user_type";s:1:"2";s:10:"first_name";s:4:"Paul";s:9:"last_name";s:9:"Stevenson";s:6:"gender";s:6:"Female";s:10:"contact_id";s:1:"1";s:9:"master_id";s:1:"1";s:10:"company_id";s:1:"2";s:12:"reference_id";s:1:"0";s:12:"company_name";s:15:"PC Repairs Hull";s:12:"company_type";s:15:"Limited Company";s:14:"company_number";s:10:"2147483647";s:8:"username";s:7:"ppwalks";s:2:"id";s:1:"1";s:7:"user_id";s:1:"1";s:5:"staff";s:1:"1";s:6:"stores";s:1:"1";s:9:"customers";s:1:"1";s:5:"sites";s:1:"1";s:14:"specifications";s:1:"1";s:9:"suppliers";s:1:"1";s:15:"sub_contractors";s:1:"1";s:9:"scheduals";s:1:"1";s:11:"work_orders";s:1:"1";s:9:"documents";s:1:"1";s:12:"contact_book";s:1:"1";s:8:"accounts";s:1:"1";s:13:"control_panel";s:1:"1";s:12:"messageCount";i:1;s:10:"alertCount";i:7;}'),
('cc7ba0e54c187ca659d21d3280cfea01', '77.86.83.69', 'Mozilla/5.0 (Macintosh; Intel Mac OS X 10.5; rv:16.0) Gecko/20100101 Firefox/16.0', 1439457207, 'a:2:{s:9:"user_data";s:0:"";s:17:"flash:new:message";b:0;}'),
('d4a068e6b48131bbe18976ccb6ef29f3', '94.72.234.198', 'Mozilla/5.0 (X11; Ubuntu; Linux x86_64; rv:38.0) Gecko/20100101 Firefox/38.0', 1434893804, 'a:32:{s:9:"user_data";s:0:"";s:7:"counter";i:0;s:12:"messageCount";i:0;s:10:"alertCount";i:6;s:5:"title";s:2:"Mr";s:9:"user_type";s:1:"2";s:10:"first_name";s:4:"Paul";s:9:"last_name";s:9:"Stevenson";s:6:"gender";s:6:"Female";s:10:"contact_id";s:1:"1";s:9:"master_id";s:1:"1";s:10:"company_id";s:1:"2";s:12:"reference_id";s:1:"0";s:12:"company_name";s:15:"PC Repairs Hull";s:12:"company_type";s:15:"Limited Company";s:14:"company_number";s:10:"2147483647";s:8:"username";s:7:"ppwalks";s:2:"id";s:1:"1";s:7:"user_id";s:1:"1";s:5:"staff";s:1:"1";s:6:"stores";s:1:"1";s:9:"customers";s:1:"1";s:5:"sites";s:1:"1";s:14:"specifications";s:1:"1";s:9:"suppliers";s:1:"1";s:15:"sub_contractors";s:1:"1";s:9:"scheduals";s:1:"1";s:11:"work_orders";s:1:"1";s:9:"documents";s:1:"1";s:12:"contact_book";s:1:"1";s:8:"accounts";s:1:"1";s:13:"control_panel";s:1:"1";}'),
('d796ffb35a7fb6fe9440045624b46b30', '127.0.0.1', 'Mozilla/5.0 (Macintosh; Intel Mac OS X 10.10; rv:37.0) Gecko/20100101 Firefox/37.0', 1430656464, 'a:32:{s:9:"user_data";s:0:"";s:7:"counter";i:0;s:12:"messageCount";i:0;s:10:"alertCount";i:1;s:5:"title";s:2:"Mr";s:9:"user_type";s:1:"2";s:10:"first_name";s:4:"Paul";s:9:"last_name";s:9:"Stevenson";s:6:"gender";s:6:"Female";s:10:"contact_id";s:1:"1";s:9:"master_id";s:1:"1";s:10:"company_id";s:1:"2";s:12:"reference_id";s:1:"0";s:12:"company_name";s:15:"PC Repairs Hull";s:12:"company_type";s:15:"Limited Company";s:14:"company_number";s:10:"2147483647";s:8:"username";s:7:"ppwalks";s:2:"id";s:1:"1";s:7:"user_id";s:1:"1";s:5:"staff";s:1:"1";s:6:"stores";s:1:"1";s:9:"customers";s:1:"1";s:5:"sites";s:1:"1";s:14:"specifications";s:1:"1";s:9:"suppliers";s:1:"1";s:15:"sub_contractors";s:1:"1";s:9:"scheduals";s:1:"1";s:11:"work_orders";s:1:"1";s:9:"documents";s:1:"1";s:12:"contact_book";s:1:"1";s:8:"accounts";s:1:"1";s:13:"control_panel";s:1:"1";}'),
('e169764f40ffe72112167fe9a931e074', '151.249.66.247', 'Mozilla/5.0 (Macintosh; Intel Mac OS X 10.9; rv:38.0) Gecko/20100101 Firefox/38.0', 1432665307, 'a:35:{s:9:"user_data";s:0:"";s:7:"counter";i:0;s:12:"messageCount";i:1;s:10:"alertCount";i:2;s:8:"location";i:1;s:5:"title";s:2:"Mr";s:9:"user_type";s:1:"5";s:10:"first_name";s:6:"Julian";s:9:"last_name";s:5:"Green";s:6:"gender";s:4:"Male";s:10:"contact_id";s:2:"14";s:9:"master_id";s:1:"1";s:10:"company_id";s:1:"2";s:12:"reference_id";s:1:"0";s:12:"company_name";s:15:"PC Repairs Hull";s:12:"company_type";s:15:"Limited Company";s:14:"company_number";s:10:"2147483647";s:8:"username";s:7:"juliang";s:2:"id";s:1:"2";s:7:"user_id";s:2:"10";s:5:"staff";s:1:"2";s:6:"stores";s:1:"2";s:9:"customers";s:1:"2";s:5:"sites";s:1:"2";s:14:"specifications";s:1:"2";s:9:"suppliers";s:1:"2";s:15:"sub_contractors";s:1:"2";s:9:"scheduals";s:1:"2";s:11:"work_orders";s:1:"3";s:9:"documents";s:1:"2";s:12:"contact_book";s:1:"2";s:8:"accounts";s:1:"2";s:13:"control_panel";s:1:"2";s:17:"flash:old:message";s:190:"<span class="glyphicon glyphicon-remove"></span>&nbsp;&nbsp;<span class="hidden-xs">You have been logged out the system!.</span><span class="hidden-lg hidden-md hidden-sm">Logged Out!</span>";s:17:"flash:new:message";b:0;}'),
('f6c02643126dc06ddc7f628b9b42804b', '185.4.24.26', 'Mozilla/5.0 (Macintosh; Intel Mac OS X 10.10; rv:38.0) Gecko/20100101 Firefox/38.0', 1433071495, 'a:33:{s:9:"user_data";s:0:"";s:7:"counter";i:0;s:5:"title";s:2:"Mr";s:9:"user_type";s:1:"2";s:10:"first_name";s:4:"Paul";s:9:"last_name";s:9:"Stevenson";s:6:"gender";s:6:"Female";s:10:"contact_id";s:1:"1";s:9:"master_id";s:1:"1";s:10:"company_id";s:1:"2";s:12:"reference_id";s:1:"0";s:12:"company_name";s:15:"PC Repairs Hull";s:12:"company_type";s:15:"Limited Company";s:14:"company_number";s:10:"2147483647";s:8:"username";s:7:"ppwalks";s:2:"id";s:1:"1";s:7:"user_id";s:1:"1";s:5:"staff";s:1:"1";s:6:"stores";s:1:"1";s:9:"customers";s:1:"1";s:5:"sites";s:1:"1";s:14:"specifications";s:1:"1";s:9:"suppliers";s:1:"1";s:15:"sub_contractors";s:1:"1";s:9:"scheduals";s:1:"1";s:11:"work_orders";s:1:"1";s:9:"documents";s:1:"1";s:12:"contact_book";s:1:"1";s:8:"accounts";s:1:"1";s:13:"control_panel";s:1:"1";s:12:"messageCount";i:0;s:10:"alertCount";i:2;s:8:"location";i:1;}'),
('f7032d85b3e2675c410fd3d24f2799f1', '127.0.0.1', 'Mozilla/5.0 (Macintosh; Intel Mac OS X 10.10; rv:37.0) Gecko/20100101 Firefox/37.0', 1430758247, 'a:32:{s:9:"user_data";s:0:"";s:7:"counter";i:0;s:5:"title";s:2:"Mr";s:9:"user_type";s:1:"2";s:10:"first_name";s:4:"Paul";s:9:"last_name";s:9:"Stevenson";s:6:"gender";s:6:"Female";s:10:"contact_id";s:1:"1";s:9:"master_id";s:1:"1";s:10:"company_id";s:1:"2";s:12:"reference_id";s:1:"0";s:12:"company_name";s:15:"PC Repairs Hull";s:12:"company_type";s:15:"Limited Company";s:14:"company_number";s:10:"2147483647";s:8:"username";s:7:"ppwalks";s:2:"id";s:1:"1";s:7:"user_id";s:1:"1";s:5:"staff";s:1:"1";s:6:"stores";s:1:"1";s:9:"customers";s:1:"1";s:5:"sites";s:1:"1";s:14:"specifications";s:1:"1";s:9:"suppliers";s:1:"1";s:15:"sub_contractors";s:1:"1";s:9:"scheduals";s:1:"1";s:11:"work_orders";s:1:"1";s:9:"documents";s:1:"1";s:12:"contact_book";s:1:"1";s:8:"accounts";s:1:"1";s:13:"control_panel";s:1:"1";s:12:"messageCount";i:0;s:10:"alertCount";i:1;}'),
('fc11d97c277bb027e22e05479ea06126', '151.249.66.247', 'Mozilla/5.0 (Macintosh; Intel Mac OS X 10.9; rv:38.0) Gecko/20100101 Firefox/38.0', 1435389362, 'a:2:{s:9:"user_data";s:0:"";s:17:"flash:new:message";b:0;}'),
('feab95b70ecac19d2487a109e7e129a9', '94.72.234.198', 'Mozilla/5.0 (Windows NT 6.1; WOW64; rv:35.0) Gecko/20100101 Firefox/35.0', 1433600418, 'a:35:{s:9:"user_data";s:0:"";s:7:"counter";i:0;s:5:"title";s:2:"Mr";s:9:"user_type";s:1:"2";s:10:"first_name";s:4:"Paul";s:9:"last_name";s:9:"Stevenson";s:6:"gender";s:6:"Female";s:10:"contact_id";s:1:"1";s:9:"master_id";s:1:"1";s:10:"company_id";s:1:"2";s:12:"reference_id";s:1:"0";s:12:"company_name";s:15:"PC Repairs Hull";s:12:"company_type";s:15:"Limited Company";s:14:"company_number";s:10:"2147483647";s:8:"username";s:7:"ppwalks";s:2:"id";s:1:"1";s:7:"user_id";s:1:"1";s:5:"staff";s:1:"1";s:6:"stores";s:1:"1";s:9:"customers";s:1:"1";s:5:"sites";s:1:"1";s:14:"specifications";s:1:"1";s:9:"suppliers";s:1:"1";s:15:"sub_contractors";s:1:"1";s:9:"scheduals";s:1:"1";s:11:"work_orders";s:1:"1";s:9:"documents";s:1:"1";s:12:"contact_book";s:1:"1";s:8:"accounts";s:1:"1";s:13:"control_panel";s:1:"1";s:12:"messageCount";i:0;s:10:"alertCount";i:5;s:8:"location";i:1;s:9:"siteCheck";a:1:{i:5;a:2:{i:0;s:13:"55730bbae7edc";i:1;i:573;}}s:6:"scores";a:2:{i:5;s:1:"2";s:2:" 4";s:1:"2";}}'),
('ff406edb0f1bea13e2feb5a1ad3c3607', '192.168.1.134', 'Mozilla/5.0 (X11; Ubuntu; Linux x86_64; rv:37.0) Gecko/20100101 Firefox/37.0', 1431873366, 'a:32:{s:9:"user_data";s:0:"";s:7:"counter";i:0;s:12:"messageCount";i:0;s:10:"alertCount";i:2;s:5:"title";s:2:"Mr";s:9:"user_type";s:1:"2";s:10:"first_name";s:4:"Paul";s:9:"last_name";s:9:"Stevenson";s:6:"gender";s:6:"Female";s:10:"contact_id";s:1:"1";s:9:"master_id";s:1:"1";s:10:"company_id";s:1:"2";s:12:"reference_id";s:1:"0";s:12:"company_name";s:15:"PC Repairs Hull";s:12:"company_type";s:15:"Limited Company";s:14:"company_number";s:10:"2147483647";s:8:"username";s:7:"ppwalks";s:2:"id";s:1:"1";s:7:"user_id";s:1:"1";s:5:"staff";s:1:"1";s:6:"stores";s:1:"1";s:9:"customers";s:1:"1";s:5:"sites";s:1:"1";s:14:"specifications";s:1:"1";s:9:"suppliers";s:1:"1";s:15:"sub_contractors";s:1:"1";s:9:"scheduals";s:1:"1";s:11:"work_orders";s:1:"1";s:9:"documents";s:1:"1";s:12:"contact_book";s:1:"1";s:8:"accounts";s:1:"1";s:13:"control_panel";s:1:"1";}');

-- --------------------------------------------------------

--
-- Table structure for table `company`
--

CREATE TABLE IF NOT EXISTS `company` (
  `id` int(11) NOT NULL AUTO_INCREMENT,
  `company_name` varchar(50) COLLATE utf8_unicode_ci DEFAULT NULL,
  `company_type` enum('Sole Trader','Partnership','Limited Partnership','Limited Company','Limited Liability Partnership') CHARACTER SET latin1 NOT NULL,
  `company_number` int(11) NOT NULL,
  `vat_number` varchar(15) CHARACTER SET latin1 DEFAULT NULL,
  `profile_id` int(11) NOT NULL,
  `active` tinyint(4) NOT NULL,
  `master_id` int(11) NOT NULL,
  PRIMARY KEY (`id`)
) ENGINE=InnoDB  DEFAULT CHARSET=utf8 COLLATE=utf8_unicode_ci AUTO_INCREMENT=20 ;

--
-- Dumping data for table `company`
--

INSERT INTO `company` (`id`, `company_name`, `company_type`, `company_number`, `vat_number`, `profile_id`, `active`, `master_id`) VALUES
(1, 'PC Repairs Hull', 'Limited Company', 8542145, '6581652652', 0, 0, 1),
(2, 'PC Repairs Hull', 'Limited Company', 2147483647, '', 0, 0, 1),
(3, 'R & M', 'Limited Company', 684468148, '', 0, 1, 0),
(4, 'Ihhuk', 'Limited Company', 684468148, '', 0, 1, 0),
(5, 'Arco', 'Limited Company', 84521465, '', 0, 0, 0),
(6, 'British Gas', 'Limited Company', 8545654, '', 0, 0, 0),
(7, 'British Gas', 'Limited Company', 8545654, '', 0, 0, 0),
(8, 'British Gas', 'Limited Company', 8545654, '', 0, 0, 0),
(9, 'B&O Cleaning Solutions', 'Sole Trader', 0, '', 0, 0, 0),
(10, 'B&O Cleaning', 'Sole Trader', 0, '', 0, 0, 0),
(11, 'B&O Cleaning', 'Sole Trader', 0, '', 0, 0, 0),
(12, 'B&O Cleaning', 'Sole Trader', 0, '', 0, 0, 0),
(13, 'B&O Cleaning', 'Sole Trader', 0, '', 0, 0, 0),
(14, 'Bunzl', 'Limited Company', 1234567, 'GB635 9086 14', 0, 0, 0),
(15, 'HSS', 'Limited Company', 22222244, '01020304', 0, 0, 0),
(16, 'Multex Chemicals', 'Limited Company', 56473891, '1238764', 0, 0, 0),
(17, 'CPD', 'Limited Company', 45555678, '500743878', 0, 0, 0),
(18, 'Hull Cleaning Supplies', 'Sole Trader', 0, '5647389999', 0, 0, 0),
(19, 'Alpine Hygiene Supplies Ltd', 'Limited Company', 55555555, '66666666', 0, 0, 0);

-- --------------------------------------------------------

--
-- Table structure for table `contact`
--

CREATE TABLE IF NOT EXISTS `contact` (
  `id` int(11) NOT NULL AUTO_INCREMENT,
  `user` tinyint(4) NOT NULL,
  `email_address` varchar(50) COLLATE utf8_unicode_ci DEFAULT NULL,
  `daytime_telephone` varchar(20) COLLATE utf8_unicode_ci DEFAULT NULL,
  `evening_telephone` varchar(20) CHARACTER SET utf8 COLLATE utf8_bin DEFAULT 'NULL',
  `mobile_telephone` varchar(20) COLLATE utf8_unicode_ci DEFAULT 'NULL',
  `company_id` int(11) NOT NULL,
  `site_id` int(11) NOT NULL,
  `invoice` tinyint(4) NOT NULL,
  `fax_number` varchar(20) COLLATE utf8_unicode_ci DEFAULT NULL,
  PRIMARY KEY (`id`)
) ENGINE=InnoDB  DEFAULT CHARSET=utf8 COLLATE=utf8_unicode_ci AUTO_INCREMENT=51 ;

--
-- Dumping data for table `contact`
--

INSERT INTO `contact` (`id`, `user`, `email_address`, `daytime_telephone`, `evening_telephone`, `mobile_telephone`, `company_id`, `site_id`, `invoice`, `fax_number`) VALUES
(1, 1, 'paul@pcrepairshull.com', '01482654321', '', '07887776673', 2, 0, 0, ''),
(4, 1, 'mike@rmvs.com', '014822044556', NULL, '07854541254', 3, 0, 0, NULL),
(5, 1, 'mike@rmvs.com', '', '', '07854541254', 3, 0, 1, NULL),
(6, 1, 'mike@rmvs.com', '014822044556', NULL, '07854541254', 3, 1, 0, NULL),
(7, 1, 'john@ihhuk.co.uk', '014822044556', '', '07854541254', 4, 0, 0, 'piss'),
(8, 1, 'johnathon@ihhuk.co.uk', '014822044559', '', '07854541254', 4, 0, 1, '01495354365'),
(9, 1, 'john@ihhuk.co.uk', '014822044556', NULL, '07854541254', 4, 2, 0, NULL),
(10, 0, 'kevin@arco.com', '01482654321', '', '', 0, 0, 0, ''),
(11, 0, 'paul@bgs.com', '01474569852', '', '07887776673', 0, 0, 0, ''),
(12, 0, 'paul@bgs.com', '01474569852', '', '07887776673', 0, 0, 0, ''),
(13, 0, 'paul@bgs.com', '01474569852', '', '07887776673', 0, 0, 0, ''),
(14, 1, 'julian@cleansure.com', '01482654321', '', '', 0, 0, 0, ''),
(15, 1, 'kieran@pcrepairshull.com', '01482244855', '', '07887776673', 0, 0, 0, ''),
(16, 0, 'kieran@pcrepairshull.com', '01482244855', '01482244855', '01482244855', 0, 3, 0, '01482244855'),
(17, 0, '123@swe.com', '01482244855', '01482244855', '01482244855', 0, 4, 0, '01482244855'),
(19, 0, 'peter@pooper.com', '3', '9', '01482789645', 0, 0, 0, '01482789645'),
(20, 1, 'sky@sky.com', '01482654321', '', '07854458745', 0, 0, 0, ''),
(22, 0, 'kieth@bo.com', '01482654321', '01482654321', '', 0, 0, 0, ''),
(23, 0, 'kieth@bo.com', '01482654321', '', '', 0, 0, 0, ''),
(24, 0, 'kieth@bo.com', '01482654321', '', '', 0, 0, 0, ''),
(25, 0, 'kieth@bo.com', '01482654321', '', '', 0, 0, 0, ''),
(26, 0, 'kcowap@hotmail.co.uk', '01455454554', '01455454554', '01455454554', 0, 2, 0, '01455454554'),
(27, 0, 'kevin@rmvs.co.uk', '01724355678', '', '', 0, 5, 0, ''),
(28, 0, 'jojolangton@hotmail.co.uk', '0', '0', '07886655573', 0, 0, 0, NULL),
(29, 0, 'jojolangton@hotmail.co.uk', '0', '0', '07886655573', 0, 0, 0, NULL),
(30, 0, 'jojolangton@hotmail.co.uk', '0', '0', '07886655573', 0, 0, 0, NULL),
(31, 0, 'jojolangton@hotmail.co.uk', '0', '0', '07886655573', 0, 0, 0, NULL),
(33, 0, 's.smith@bunzl.com', '0113 270 3481.', '07939201189', '07939201189', 0, 0, 0, '0113 270 2355'),
(34, 0, 'b.over@hss.com', '01482 222222', '', '077234817', 0, 0, 0, ''),
(35, 0, 'm.hunt@multex.co.uk', '01482 320432', '', '', 0, 0, 0, ''),
(36, 0, 'b.ding@cpd.co.uk', '01482 625625', '', '0777404721', 0, 0, 0, ''),
(37, 0, 'al.bino@hcs.com', '01482215566', '', '', 0, 0, 0, ''),
(38, 0, 'e.thegreat@hotmail.co.uk', '01482210021', '', '', 0, 0, 0, ''),
(41, 0, 'test@test.com', '0148234565', '0148234565', '0788776673', 0, 0, 0, NULL),
(43, 0, 'test@test.com', '0148234565', '0148234565', '0788776673', 0, 0, 0, NULL),
(48, 0, 'test@test.com', '0148234565', NULL, NULL, 0, 0, 0, NULL),
(49, 0, 'tim@tim.com', '0148234565', '0148234565', '0788776673', 0, 0, 0, NULL),
(50, 0, 'jojolangton@hotmail.co.uk', '01482352994', '01482352994', '0788776673', 0, 0, 0, NULL);

-- --------------------------------------------------------

--
-- Table structure for table `convictions`
--

CREATE TABLE IF NOT EXISTS `convictions` (
  `id` int(11) NOT NULL AUTO_INCREMENT,
  `conviction` tinyint(4) NOT NULL,
  `comment` text COLLATE utf8_unicode_ci NOT NULL,
  `staff_id` int(11) NOT NULL,
  `signiture` tinyint(4) NOT NULL,
  PRIMARY KEY (`id`)
) ENGINE=InnoDB  DEFAULT CHARSET=utf8 COLLATE=utf8_unicode_ci AUTO_INCREMENT=20 ;

--
-- Dumping data for table `convictions`
--

INSERT INTO `convictions` (`id`, `conviction`, `comment`, `staff_id`, `signiture`) VALUES
(3, 0, '', 10, 0),
(4, 0, '', 11, 0),
(5, 0, '', 12, 0),
(6, 0, '', 13, 0),
(10, 0, '', 17, 0),
(12, 0, '', 19, 0),
(17, 0, '', 24, 0),
(18, 0, '', 25, 0),
(19, 0, '', 26, 0);

-- --------------------------------------------------------

--
-- Table structure for table `costing`
--

CREATE TABLE IF NOT EXISTS `costing` (
  `id` int(11) NOT NULL AUTO_INCREMENT,
  `price` decimal(10,2) NOT NULL,
  `vat` tinyint(4) NOT NULL,
  PRIMARY KEY (`id`)
) ENGINE=InnoDB DEFAULT CHARSET=latin1 AUTO_INCREMENT=1 ;

-- --------------------------------------------------------

--
-- Table structure for table `counties`
--

CREATE TABLE IF NOT EXISTS `counties` (
  `id` int(11) NOT NULL AUTO_INCREMENT,
  `postcode` varchar(5) NOT NULL,
  `region` varchar(255) DEFAULT NULL,
  `country` varchar(3) NOT NULL,
  `country_string` varchar(16) NOT NULL,
  PRIMARY KEY (`id`)
) ENGINE=MyISAM  DEFAULT CHARSET=latin1 AUTO_INCREMENT=2849 ;

--
-- Dumping data for table `counties`
--

INSERT INTO `counties` (`id`, `postcode`, `region`, `country`, `country_string`) VALUES
(1, 'AB10', 'Aberdeen City', 'SCT', 'Scotland'),
(2, 'AB11', 'Aberdeen City', 'SCT', 'Scotland'),
(3, 'AB12', 'Aberdeen City', 'SCT', 'Scotland'),
(4, 'AB13', 'Aberdeen City', 'SCT', 'Scotland'),
(5, 'AB14', 'Aberdeen City', 'SCT', 'Scotland'),
(6, 'AB15', 'Aberdeen City', 'SCT', 'Scotland'),
(7, 'AB16', 'Aberdeen City', 'SCT', 'Scotland'),
(8, 'AB21', 'Aberdeen City', 'SCT', 'Scotland'),
(9, 'AB22', 'Aberdeen City', 'SCT', 'Scotland'),
(10, 'AB23', 'Aberdeen City', 'SCT', 'Scotland'),
(11, 'AB25', 'Aberdeen City', 'SCT', 'Scotland'),
(12, 'AB30', 'Aberdeenshire', 'SCT', 'Scotland'),
(13, 'AB31', 'Aberdeenshire', 'SCT', 'Scotland'),
(14, 'AB32', 'Aberdeenshire', 'SCT', 'Scotland'),
(15, 'AB33', 'Aberdeenshire', 'SCT', 'Scotland'),
(16, 'AB34', 'Aberdeenshire', 'SCT', 'Scotland'),
(17, 'AB35', 'Aberdeenshire', 'SCT', 'Scotland'),
(18, 'AB36', 'Aberdeenshire', 'SCT', 'Scotland'),
(19, 'AB37', 'Moray', 'SCT', 'Scotland'),
(20, 'AB38', 'Moray', 'SCT', 'Scotland'),
(21, 'AB39', 'Aberdeenshire', 'SCT', 'Scotland'),
(22, 'AB41', 'Aberdeenshire', 'SCT', 'Scotland'),
(23, 'AB42', 'Aberdeenshire', 'SCT', 'Scotland'),
(24, 'AB43', 'Aberdeenshire', 'SCT', 'Scotland'),
(25, 'AB44', 'Aberdeenshire', 'SCT', 'Scotland'),
(26, 'AB45', 'Aberdeenshire', 'SCT', 'Scotland'),
(27, 'AB51', 'Aberdeenshire', 'SCT', 'Scotland'),
(28, 'AB52', 'Aberdeenshire', 'SCT', 'Scotland'),
(29, 'AB53', 'Aberdeenshire', 'SCT', 'Scotland'),
(30, 'AB54', 'Aberdeenshire', 'SCT', 'Scotland'),
(31, 'AB55', 'Moray', 'SCT', 'Scotland'),
(32, 'AB56', 'Moray', 'SCT', 'Scotland'),
(33, 'AL1', 'Hertfordshire', 'ENG', 'England'),
(34, 'AL10', 'Hertfordshire', 'ENG', 'England'),
(35, 'AL2', 'Hertfordshire', 'ENG', 'England'),
(36, 'AL3', 'Hertfordshire', 'ENG', 'England'),
(37, 'AL4', 'Hertfordshire', 'ENG', 'England'),
(38, 'AL5', 'Hertfordshire', 'ENG', 'England'),
(39, 'AL6', 'Hertfordshire', 'ENG', 'England'),
(40, 'AL7', 'Hertfordshire', 'ENG', 'England'),
(41, 'AL8', 'Hertfordshire', 'ENG', 'England'),
(42, 'AL9', 'Hertfordshire', 'ENG', 'England'),
(43, 'B1', 'Birmingham', 'ENG', 'England'),
(44, 'B10', 'Birmingham', 'ENG', 'England'),
(45, 'B11', 'Birmingham', 'ENG', 'England'),
(46, 'B12', 'Birmingham', 'ENG', 'England'),
(47, 'B13', 'Birmingham', 'ENG', 'England'),
(48, 'B14', 'Birmingham', 'ENG', 'England'),
(49, 'B15', 'Birmingham', 'ENG', 'England'),
(50, 'B16', 'Birmingham', 'ENG', 'England'),
(51, 'B17', 'Birmingham', 'ENG', 'England'),
(52, 'B18', 'Birmingham', 'ENG', 'England'),
(53, 'B19', 'Birmingham', 'ENG', 'England'),
(54, 'B2', 'Birmingham', 'ENG', 'England'),
(55, 'B20', 'Birmingham', 'ENG', 'England'),
(56, 'B21', 'Birmingham', 'ENG', 'England'),
(57, 'B23', 'Birmingham', 'ENG', 'England'),
(58, 'B24', 'Birmingham', 'ENG', 'England'),
(59, 'B25', 'Birmingham', 'ENG', 'England'),
(60, 'B26', 'Birmingham', 'ENG', 'England'),
(61, 'B27', 'Birmingham', 'ENG', 'England'),
(62, 'B28', 'Birmingham', 'ENG', 'England'),
(63, 'B29', 'Birmingham', 'ENG', 'England'),
(64, 'B3', 'Birmingham', 'ENG', 'England'),
(65, 'B30', 'Birmingham', 'ENG', 'England'),
(66, 'B31', 'Birmingham', 'ENG', 'England'),
(67, 'B32', 'Birmingham', 'ENG', 'England'),
(68, 'B33', 'Birmingham', 'ENG', 'England'),
(69, 'B34', 'Birmingham', 'ENG', 'England'),
(70, 'B35', 'Birmingham', 'ENG', 'England'),
(71, 'B36', 'Solihull', 'ENG', 'England'),
(72, 'B37', 'Solihull', 'ENG', 'England'),
(73, 'B38', 'Birmingham', 'ENG', 'England'),
(74, 'B4', 'Birmingham', 'ENG', 'England'),
(75, 'B40', 'Solihull', 'ENG', 'England'),
(76, 'B42', 'Birmingham', 'ENG', 'England'),
(77, 'B43', 'Sandwell', 'ENG', 'England'),
(78, 'B44', 'Birmingham', 'ENG', 'England'),
(79, 'B45', 'Birmingham', 'ENG', 'England'),
(80, 'B46', 'Warwickshire', 'ENG', 'England'),
(81, 'B47', 'Worcestershire', 'ENG', 'England'),
(82, 'B48', 'Worcestershire', 'ENG', 'England'),
(83, 'B49', 'Warwickshire', 'ENG', 'England'),
(84, 'B5', 'Birmingham', 'ENG', 'England'),
(85, 'B50', 'Warwickshire', 'ENG', 'England'),
(86, 'B6', 'Birmingham', 'ENG', 'England'),
(87, 'B60', 'Worcestershire', 'ENG', 'England'),
(88, 'B61', 'Worcestershire', 'ENG', 'England'),
(89, 'B62', 'Dudley', 'ENG', 'England'),
(90, 'B63', 'Dudley', 'ENG', 'England'),
(91, 'B64', 'Sandwell', 'ENG', 'England'),
(92, 'B65', 'Sandwell', 'ENG', 'England'),
(93, 'B66', 'Sandwell', 'ENG', 'England'),
(94, 'B67', 'Sandwell', 'ENG', 'England'),
(95, 'B68', 'Sandwell', 'ENG', 'England'),
(96, 'B69', 'Sandwell', 'ENG', 'England'),
(97, 'B7', 'Birmingham', 'ENG', 'England'),
(98, 'B70', 'Sandwell', 'ENG', 'England'),
(99, 'B71', 'Sandwell', 'ENG', 'England'),
(100, 'B72', 'Birmingham', 'ENG', 'England'),
(101, 'B73', 'Birmingham', 'ENG', 'England'),
(102, 'B74', 'Birmingham', 'ENG', 'England'),
(103, 'B75', 'Birmingham', 'ENG', 'England'),
(104, 'B76', 'Birmingham', 'ENG', 'England'),
(105, 'B77', 'Staffordshire', 'ENG', 'England'),
(106, 'B78', 'Staffordshire', 'ENG', 'England'),
(107, 'B79', 'Staffordshire', 'ENG', 'England'),
(108, 'B8', 'Birmingham', 'ENG', 'England'),
(109, 'B80', 'Warwickshire', 'ENG', 'England'),
(110, 'B9', 'Birmingham', 'ENG', 'England'),
(111, 'B90', 'Solihull', 'ENG', 'England'),
(112, 'B91', 'Solihull', 'ENG', 'England'),
(113, 'B92', 'Solihull', 'ENG', 'England'),
(114, 'B93', 'Solihull', 'ENG', 'England'),
(115, 'B94', 'Warwickshire', 'ENG', 'England'),
(116, 'B95', 'Warwickshire', 'ENG', 'England'),
(117, 'B96', 'Worcestershire', 'ENG', 'England'),
(118, 'B97', 'Worcestershire', 'ENG', 'England'),
(119, 'B98', 'Worcestershire', 'ENG', 'England'),
(120, 'BA1', 'Bath and North East Somerset', 'ENG', 'England'),
(121, 'BA10', 'Somerset', 'ENG', 'England'),
(122, 'BA11', 'Somerset', 'ENG', 'England'),
(123, 'BA12', 'Wiltshire', 'ENG', 'England'),
(124, 'BA13', 'Wiltshire', 'ENG', 'England'),
(125, 'BA14', 'Wiltshire', 'ENG', 'England'),
(126, 'BA15', 'Wiltshire', 'ENG', 'England'),
(127, 'BA16', 'Somerset', 'ENG', 'England'),
(128, 'BA2', 'Bath and North East Somerset', 'ENG', 'England'),
(129, 'BA20', 'Somerset', 'ENG', 'England'),
(130, 'BA21', 'Somerset', 'ENG', 'England'),
(131, 'BA22', 'Somerset', 'ENG', 'England'),
(132, 'BA3', 'Somerset', 'ENG', 'England'),
(133, 'BA4', 'Somerset', 'ENG', 'England'),
(134, 'BA5', 'Somerset', 'ENG', 'England'),
(135, 'BA6', 'Somerset', 'ENG', 'England'),
(136, 'BA7', 'Somerset', 'ENG', 'England'),
(137, 'BA8', 'Somerset', 'ENG', 'England'),
(138, 'BA9', 'Somerset', 'ENG', 'England'),
(139, 'BB1', 'Blackburn with Darwen', 'ENG', 'England'),
(140, 'BB10', 'Lancashire', 'ENG', 'England'),
(141, 'BB11', 'Lancashire', 'ENG', 'England'),
(142, 'BB12', 'Lancashire', 'ENG', 'England'),
(143, 'BB18', 'Lancashire', 'ENG', 'England'),
(144, 'BB2', 'Blackburn with Darwen', 'ENG', 'England'),
(145, 'BB3', 'Blackburn with Darwen', 'ENG', 'England'),
(146, 'BB4', 'Lancashire', 'ENG', 'England'),
(147, 'BB5', 'Lancashire', 'ENG', 'England'),
(148, 'BB6', 'Lancashire', 'ENG', 'England'),
(149, 'BB7', 'Lancashire', 'ENG', 'England'),
(150, 'BB8', 'Lancashire', 'ENG', 'England'),
(151, 'BB9', 'Lancashire', 'ENG', 'England'),
(152, 'BD1', 'Bradford', 'ENG', 'England'),
(153, 'BD10', 'Bradford', 'ENG', 'England'),
(154, 'BD11', 'Kirklees', 'ENG', 'England'),
(155, 'BD12', 'Bradford', 'ENG', 'England'),
(156, 'BD13', 'Bradford', 'ENG', 'England'),
(157, 'BD14', 'Bradford', 'ENG', 'England'),
(158, 'BD15', 'Bradford', 'ENG', 'England'),
(159, 'BD16', 'Bradford', 'ENG', 'England'),
(160, 'BD17', 'Bradford', 'ENG', 'England'),
(161, 'BD18', 'Bradford', 'ENG', 'England'),
(162, 'BD19', 'Kirklees', 'ENG', 'England'),
(163, 'BD2', 'Bradford', 'ENG', 'England'),
(164, 'BD20', 'Bradford', 'ENG', 'England'),
(165, 'BD21', 'Bradford', 'ENG', 'England'),
(166, 'BD22', 'Bradford', 'ENG', 'England'),
(167, 'BD23', 'North Yorkshire', 'ENG', 'England'),
(168, 'BD24', 'North Yorkshire', 'ENG', 'England'),
(169, 'BD3', 'Bradford', 'ENG', 'England'),
(170, 'BD4', 'Bradford', 'ENG', 'England'),
(171, 'BD5', 'Bradford', 'ENG', 'England'),
(172, 'BD6', 'Bradford', 'ENG', 'England'),
(173, 'BD7', 'Bradford', 'ENG', 'England'),
(174, 'BD8', 'Bradford', 'ENG', 'England'),
(175, 'BD9', 'Bradford', 'ENG', 'England'),
(176, 'BH1', 'Bournemouth', 'ENG', 'England'),
(177, 'BH10', 'Bournemouth', 'ENG', 'England'),
(178, 'BH11', 'Bournemouth', 'ENG', 'England'),
(179, 'BH12', 'Poole', 'ENG', 'England'),
(180, 'BH13', 'Poole', 'ENG', 'England'),
(181, 'BH14', 'Poole', 'ENG', 'England'),
(182, 'BH15', 'Poole', 'ENG', 'England'),
(183, 'BH16', 'Dorset', 'ENG', 'England'),
(184, 'BH17', 'Poole', 'ENG', 'England'),
(185, 'BH18', 'Poole', 'ENG', 'England'),
(186, 'BH19', 'Dorset', 'ENG', 'England'),
(187, 'BH2', 'Bournemouth', 'ENG', 'England'),
(188, 'BH20', 'Dorset', 'ENG', 'England'),
(189, 'BH21', 'Dorset', 'ENG', 'England'),
(190, 'BH22', 'Dorset', 'ENG', 'England'),
(191, 'BH23', 'Dorset', 'ENG', 'England'),
(192, 'BH24', 'Hampshire', 'ENG', 'England'),
(193, 'BH25', 'Hampshire', 'ENG', 'England'),
(194, 'BH3', 'Bournemouth', 'ENG', 'England'),
(195, 'BH31', 'Dorset', 'ENG', 'England'),
(196, 'BH4', 'Bournemouth', 'ENG', 'England'),
(197, 'BH5', 'Bournemouth', 'ENG', 'England'),
(198, 'BH6', 'Bournemouth', 'ENG', 'England'),
(199, 'BH7', 'Bournemouth', 'ENG', 'England'),
(200, 'BH8', 'Bournemouth', 'ENG', 'England'),
(201, 'BH9', 'Bournemouth', 'ENG', 'England'),
(202, 'BL0', 'Bury', 'ENG', 'England'),
(203, 'BL1', 'Bolton', 'ENG', 'England'),
(204, 'BL2', 'Bolton', 'ENG', 'England'),
(205, 'BL3', 'Bolton', 'ENG', 'England'),
(206, 'BL4', 'Bolton', 'ENG', 'England'),
(207, 'BL5', 'Bolton', 'ENG', 'England'),
(208, 'BL6', 'Bolton', 'ENG', 'England'),
(209, 'BL7', 'Bolton', 'ENG', 'England'),
(210, 'BL8', 'Bury', 'ENG', 'England'),
(211, 'BL9', 'Bury', 'ENG', 'England'),
(212, 'BN1', 'Brighton and Hove', 'ENG', 'England'),
(213, 'BN10', 'East Sussex', 'ENG', 'England'),
(214, 'BN11', 'West Sussex', 'ENG', 'England'),
(215, 'BN12', 'West Sussex', 'ENG', 'England'),
(216, 'BN13', 'West Sussex', 'ENG', 'England'),
(217, 'BN14', 'West Sussex', 'ENG', 'England'),
(218, 'BN15', 'West Sussex', 'ENG', 'England'),
(219, 'BN16', 'West Sussex', 'ENG', 'England'),
(220, 'BN17', 'West Sussex', 'ENG', 'England'),
(221, 'BN18', 'West Sussex', 'ENG', 'England'),
(222, 'BN2', 'Brighton and Hove', 'ENG', 'England'),
(223, 'BN20', 'East Sussex', 'ENG', 'England'),
(224, 'BN21', 'East Sussex', 'ENG', 'England'),
(225, 'BN22', 'East Sussex', 'ENG', 'England'),
(226, 'BN23', 'East Sussex', 'ENG', 'England'),
(227, 'BN24', 'East Sussex', 'ENG', 'England'),
(228, 'BN25', 'East Sussex', 'ENG', 'England'),
(229, 'BN26', 'East Sussex', 'ENG', 'England'),
(230, 'BN27', 'East Sussex', 'ENG', 'England'),
(231, 'BN3', 'Brighton and Hove', 'ENG', 'England'),
(232, 'BN41', 'Brighton and Hove', 'ENG', 'England'),
(233, 'BN42', 'West Sussex', 'ENG', 'England'),
(234, 'BN43', 'West Sussex', 'ENG', 'England'),
(235, 'BN44', 'West Sussex', 'ENG', 'England'),
(236, 'BN45', 'West Sussex', 'ENG', 'England'),
(237, 'BN5', 'West Sussex', 'ENG', 'England'),
(238, 'BN6', 'West Sussex', 'ENG', 'England'),
(239, 'BN7', 'East Sussex', 'ENG', 'England'),
(240, 'BN8', 'East Sussex', 'ENG', 'England'),
(241, 'BN9', 'East Sussex', 'ENG', 'England'),
(242, 'BR1', 'Greater London', 'ENG', 'England'),
(243, 'BR2', 'Greater London', 'ENG', 'England'),
(244, 'BR3', 'Greater London', 'ENG', 'England'),
(245, 'BR4', 'Greater London', 'ENG', 'England'),
(246, 'BR5', 'Greater London', 'ENG', 'England'),
(247, 'BR6', 'Greater London', 'ENG', 'England'),
(248, 'BR7', 'Greater London', 'ENG', 'England'),
(249, 'BR8', 'Kent', 'ENG', 'England'),
(250, 'BS1', 'City of Bristol', 'ENG', 'England'),
(251, 'BS10', 'City of Bristol', 'ENG', 'England'),
(252, 'BS11', 'City of Bristol', 'ENG', 'England'),
(253, 'BS13', 'City of Bristol', 'ENG', 'England'),
(254, 'BS14', 'City of Bristol', 'ENG', 'England'),
(255, 'BS15', 'South Gloucestershire', 'ENG', 'England'),
(256, 'BS16', 'South Gloucestershire', 'ENG', 'England'),
(257, 'BS2', 'City of Bristol', 'ENG', 'England'),
(258, 'BS20', 'North Somerset', 'ENG', 'England'),
(259, 'BS21', 'North Somerset', 'ENG', 'England'),
(260, 'BS22', 'North Somerset', 'ENG', 'England'),
(261, 'BS23', 'North Somerset', 'ENG', 'England'),
(262, 'BS24', 'North Somerset', 'ENG', 'England'),
(263, 'BS25', 'North Somerset', 'ENG', 'England'),
(264, 'BS26', 'Somerset', 'ENG', 'England'),
(265, 'BS27', 'Somerset', 'ENG', 'England'),
(266, 'BS28', 'Somerset', 'ENG', 'England'),
(267, 'BS29', 'North Somerset', 'ENG', 'England'),
(268, 'BS3', 'City of Bristol', 'ENG', 'England'),
(269, 'BS30', 'South Gloucestershire', 'ENG', 'England'),
(270, 'BS31', 'Bath and North East Somerset', 'ENG', 'England'),
(271, 'BS32', 'South Gloucestershire', 'ENG', 'England'),
(272, 'BS34', 'South Gloucestershire', 'ENG', 'England'),
(273, 'BS35', 'South Gloucestershire', 'ENG', 'England'),
(274, 'BS36', 'South Gloucestershire', 'ENG', 'England'),
(275, 'BS37', 'South Gloucestershire', 'ENG', 'England'),
(276, 'BS39', 'Bath and North East Somerset', 'ENG', 'England'),
(277, 'BS4', 'City of Bristol', 'ENG', 'England'),
(278, 'BS40', 'Bath and North East Somerset', 'ENG', 'England'),
(279, 'BS41', 'North Somerset', 'ENG', 'England'),
(280, 'BS48', 'North Somerset', 'ENG', 'England'),
(281, 'BS49', 'North Somerset', 'ENG', 'England'),
(282, 'BS5', 'City of Bristol', 'ENG', 'England'),
(283, 'BS6', 'City of Bristol', 'ENG', 'England'),
(284, 'BS7', 'City of Bristol', 'ENG', 'England'),
(285, 'BS8', 'City of Bristol', 'ENG', 'England'),
(286, 'BS9', 'City of Bristol', 'ENG', 'England'),
(287, 'BS99', 'City of Bristol', 'ENG', 'England'),
(288, 'BT1', 'Belfast', 'NIR', 'Northern Ireland'),
(289, 'BT10', 'Belfast', 'NIR', 'Northern Ireland'),
(290, 'BT11', 'Belfast', 'NIR', 'Northern Ireland'),
(291, 'BT12', 'Belfast', 'NIR', 'Northern Ireland'),
(292, 'BT13', 'Belfast', 'NIR', 'Northern Ireland'),
(293, 'BT14', 'Belfast', 'NIR', 'Northern Ireland'),
(294, 'BT15', 'Belfast', 'NIR', 'Northern Ireland'),
(295, 'BT16', 'Castlereagh', 'NIR', 'Northern Ireland'),
(296, 'BT17', 'Lisburn', 'NIR', 'Northern Ireland'),
(297, 'BT18', 'North Down', 'NIR', 'Northern Ireland'),
(298, 'BT19', 'North Down', 'NIR', 'Northern Ireland'),
(299, 'BT2', 'Belfast', 'NIR', 'Northern Ireland'),
(300, 'BT20', 'North Down', 'NIR', 'Northern Ireland'),
(301, 'BT21', 'Ards', 'NIR', 'Northern Ireland'),
(302, 'BT22', 'Ards', 'NIR', 'Northern Ireland'),
(303, 'BT23', 'Ards', 'NIR', 'Northern Ireland'),
(304, 'BT24', 'Down', 'NIR', 'Northern Ireland'),
(305, 'BT25', 'Banbridge', 'NIR', 'Northern Ireland'),
(306, 'BT26', 'Lisburn', 'NIR', 'Northern Ireland'),
(307, 'BT27', 'Lisburn', 'NIR', 'Northern Ireland'),
(308, 'BT28', 'Lisburn', 'NIR', 'Northern Ireland'),
(309, 'BT29', 'Antrim', 'NIR', 'Northern Ireland'),
(310, 'BT3', 'Belfast', 'NIR', 'Northern Ireland'),
(311, 'BT30', 'Down', 'NIR', 'Northern Ireland'),
(312, 'BT31', 'Banbridge', 'NIR', 'Northern Ireland'),
(313, 'BT32', 'Banbridge', 'NIR', 'Northern Ireland'),
(314, 'BT33', 'Down', 'NIR', 'Northern Ireland'),
(315, 'BT34', 'Newry and Mourne', 'NIR', 'Northern Ireland'),
(316, 'BT35', 'Newry and Mourne', 'NIR', 'Northern Ireland'),
(317, 'BT36', 'Newtownabbey', 'NIR', 'Northern Ireland'),
(318, 'BT37', 'Newtownabbey', 'NIR', 'Northern Ireland'),
(319, 'BT38', 'Carrickfergus', 'NIR', 'Northern Ireland'),
(320, 'BT39', 'Newtownabbey', 'NIR', 'Northern Ireland'),
(321, 'BT4', 'Belfast', 'NIR', 'Northern Ireland'),
(322, 'BT40', 'Larne', 'NIR', 'Northern Ireland'),
(323, 'BT41', 'Antrim', 'NIR', 'Northern Ireland'),
(324, 'BT42', 'Ballymena', 'NIR', 'Northern Ireland'),
(325, 'BT43', 'Ballymena', 'NIR', 'Northern Ireland'),
(326, 'BT44', 'Ballymena', 'NIR', 'Northern Ireland'),
(327, 'BT45', 'Magherafelt', 'NIR', 'Northern Ireland'),
(328, 'BT46', 'Magherafelt', 'NIR', 'Northern Ireland'),
(329, 'BT47', 'Derry', 'NIR', 'Northern Ireland'),
(330, 'BT48', 'Derry', 'NIR', 'Northern Ireland'),
(331, 'BT49', 'Limavady', 'NIR', 'Northern Ireland'),
(332, 'BT5', 'Belfast', 'NIR', 'Northern Ireland'),
(333, 'BT51', 'Coleraine', 'NIR', 'Northern Ireland'),
(334, 'BT52', 'Coleraine', 'NIR', 'Northern Ireland'),
(335, 'BT53', 'Ballymoney', 'NIR', 'Northern Ireland'),
(336, 'BT54', 'Moyle', 'NIR', 'Northern Ireland'),
(337, 'BT55', 'Coleraine', 'NIR', 'Northern Ireland'),
(338, 'BT56', 'Coleraine', 'NIR', 'Northern Ireland'),
(339, 'BT57', 'Moyle', 'NIR', 'Northern Ireland'),
(340, 'BT6', 'Belfast', 'NIR', 'Northern Ireland'),
(341, 'BT60', 'County Armagh', 'NIR', 'Northern Ireland'),
(342, 'BT61', 'County Armagh', 'NIR', 'Northern Ireland'),
(343, 'BT62', 'Craigavon', 'NIR', 'Northern Ireland'),
(344, 'BT63', 'Craigavon', 'NIR', 'Northern Ireland'),
(345, 'BT64', 'Craigavon', 'NIR', 'Northern Ireland'),
(346, 'BT65', 'Craigavon', 'NIR', 'Northern Ireland'),
(347, 'BT66', 'Craigavon', 'NIR', 'Northern Ireland'),
(348, 'BT67', 'Craigavon', 'NIR', 'Northern Ireland'),
(349, 'BT68', 'Dungannon', 'NIR', 'Northern Ireland'),
(350, 'BT69', 'Dungannon', 'NIR', 'Northern Ireland'),
(351, 'BT7', 'Belfast', 'NIR', 'Northern Ireland'),
(352, 'BT70', 'Dungannon', 'NIR', 'Northern Ireland'),
(353, 'BT71', 'Dungannon', 'NIR', 'Northern Ireland'),
(354, 'BT74', 'County Fermanagh', 'NIR', 'Northern Ireland'),
(355, 'BT75', 'Dungannon', 'NIR', 'Northern Ireland'),
(356, 'BT76', 'Dungannon', 'NIR', 'Northern Ireland'),
(357, 'BT77', 'Dungannon', 'NIR', 'Northern Ireland'),
(358, 'BT78', 'Omagh', 'NIR', 'Northern Ireland'),
(359, 'BT79', 'Omagh', 'NIR', 'Northern Ireland'),
(360, 'BT8', 'Castlereagh', 'NIR', 'Northern Ireland'),
(361, 'BT80', 'Cookstown', 'NIR', 'Northern Ireland'),
(362, 'BT81', 'Strabane', 'NIR', 'Northern Ireland'),
(363, 'BT82', 'Strabane', 'NIR', 'Northern Ireland'),
(364, 'BT9', 'Belfast', 'NIR', 'Northern Ireland'),
(365, 'BT92', 'County Fermanagh', 'NIR', 'Northern Ireland'),
(366, 'BT93', 'County Fermanagh', 'NIR', 'Northern Ireland'),
(367, 'BT94', 'County Fermanagh', 'NIR', 'Northern Ireland'),
(368, 'CA1', 'Cumbria', 'ENG', 'England'),
(369, 'CA10', 'Cumbria', 'ENG', 'England'),
(370, 'CA11', 'Cumbria', 'ENG', 'England'),
(371, 'CA12', 'Cumbria', 'ENG', 'England'),
(372, 'CA13', 'Cumbria', 'ENG', 'England'),
(373, 'CA14', 'Cumbria', 'ENG', 'England'),
(374, 'CA15', 'Cumbria', 'ENG', 'England'),
(375, 'CA16', 'Cumbria', 'ENG', 'England'),
(376, 'CA17', 'Cumbria', 'ENG', 'England'),
(377, 'CA18', 'Cumbria', 'ENG', 'England'),
(378, 'CA19', 'Cumbria', 'ENG', 'England'),
(379, 'CA2', 'Cumbria', 'ENG', 'England'),
(380, 'CA20', 'Cumbria', 'ENG', 'England'),
(381, 'CA21', 'Cumbria', 'ENG', 'England'),
(382, 'CA22', 'Cumbria', 'ENG', 'England'),
(383, 'CA23', 'Cumbria', 'ENG', 'England'),
(384, 'CA24', 'Cumbria', 'ENG', 'England'),
(385, 'CA25', 'Cumbria', 'ENG', 'England'),
(386, 'CA26', 'Cumbria', 'ENG', 'England'),
(387, 'CA27', 'Cumbria', 'ENG', 'England'),
(388, 'CA28', 'Cumbria', 'ENG', 'England'),
(389, 'CA3', 'Cumbria', 'ENG', 'England'),
(390, 'CA4', 'Cumbria', 'ENG', 'England'),
(391, 'CA5', 'Cumbria', 'ENG', 'England'),
(392, 'CA6', 'Cumbria', 'ENG', 'England'),
(393, 'CA7', 'Cumbria', 'ENG', 'England'),
(394, 'CA8', 'Cumbria', 'ENG', 'England'),
(395, 'CA9', 'Cumbria', 'ENG', 'England'),
(396, 'CB1', 'Cambridgeshire', 'ENG', 'England'),
(397, 'CB10', 'Essex', 'ENG', 'England'),
(398, 'CB11', 'Essex', 'ENG', 'England'),
(399, 'CB2', 'Cambridgeshire', 'ENG', 'England'),
(400, 'CB21', 'Cambridgeshire', 'ENG', 'England'),
(401, 'CB22', 'Cambridgeshire', 'ENG', 'England'),
(402, 'CB23', 'Cambridgeshire', 'ENG', 'England'),
(403, 'CB24', 'Cambridgeshire', 'ENG', 'England'),
(404, 'CB25', 'Cambridgeshire', 'ENG', 'England'),
(405, 'CB3', 'Cambridgeshire', 'ENG', 'England'),
(406, 'CB4', 'Cambridgeshire', 'ENG', 'England'),
(407, 'CB5', 'Cambridgeshire', 'ENG', 'England'),
(408, 'CB6', 'Cambridgeshire', 'ENG', 'England'),
(409, 'CB7', 'Cambridgeshire', 'ENG', 'England'),
(410, 'CB8', 'Cambridgeshire', 'ENG', 'England'),
(411, 'CB9', 'Suffolk', 'ENG', 'England'),
(412, 'CF10', 'Cardiff', 'WLS', 'Wales'),
(413, 'CF11', 'Cardiff', 'WLS', 'Wales'),
(414, 'CF14', 'Cardiff', 'WLS', 'Wales'),
(415, 'CF15', 'Cardiff', 'WLS', 'Wales'),
(416, 'CF23', 'Cardiff', 'WLS', 'Wales'),
(417, 'CF24', 'Cardiff', 'WLS', 'Wales'),
(418, 'CF3', 'Cardiff', 'WLS', 'Wales'),
(419, 'CF31', 'Bridgend', 'WLS', 'Wales'),
(420, 'CF32', 'Bridgend', 'WLS', 'Wales'),
(421, 'CF33', 'Bridgend', 'WLS', 'Wales'),
(422, 'CF34', 'Bridgend', 'WLS', 'Wales'),
(423, 'CF35', 'Bridgend', 'WLS', 'Wales'),
(424, 'CF36', 'Bridgend', 'WLS', 'Wales'),
(425, 'CF37', 'Rhondda Cynon Taff', 'WLS', 'Wales'),
(426, 'CF38', 'Rhondda Cynon Taff', 'WLS', 'Wales'),
(427, 'CF39', 'Rhondda Cynon Taff', 'WLS', 'Wales'),
(428, 'CF40', 'Rhondda Cynon Taff', 'WLS', 'Wales'),
(429, 'CF41', 'Rhondda Cynon Taff', 'WLS', 'Wales'),
(430, 'CF42', 'Rhondda Cynon Taff', 'WLS', 'Wales'),
(431, 'CF43', 'Rhondda Cynon Taff', 'WLS', 'Wales'),
(432, 'CF44', 'Rhondda Cynon Taff', 'WLS', 'Wales'),
(433, 'CF45', 'Rhondda Cynon Taff', 'WLS', 'Wales'),
(434, 'CF46', 'Merthyr Tydfil', 'WLS', 'Wales'),
(435, 'CF47', 'Merthyr Tydfil', 'WLS', 'Wales'),
(436, 'CF48', 'Merthyr Tydfil', 'WLS', 'Wales'),
(437, 'CF5', 'Cardiff', 'WLS', 'Wales'),
(438, 'CF61', 'The Vale of Glamorgan', 'WLS', 'Wales'),
(439, 'CF62', 'The Vale of Glamorgan', 'WLS', 'Wales'),
(440, 'CF63', 'The Vale of Glamorgan', 'WLS', 'Wales'),
(441, 'CF64', 'The Vale of Glamorgan', 'WLS', 'Wales'),
(442, 'CF71', 'The Vale of Glamorgan', 'WLS', 'Wales'),
(443, 'CF72', 'Rhondda Cynon Taff', 'WLS', 'Wales'),
(444, 'CF81', 'Caerphilly', 'WLS', 'Wales'),
(445, 'CF82', 'Caerphilly', 'WLS', 'Wales'),
(446, 'CF83', 'Caerphilly', 'WLS', 'Wales'),
(447, 'CH1', 'Cheshire West and Chester', 'ENG', 'England'),
(448, 'CH2', 'Cheshire West and Chester', 'ENG', 'England'),
(449, 'CH3', 'Cheshire West and Chester', 'ENG', 'England'),
(450, 'CH4', 'Flintshire', 'ENG', 'England'),
(451, 'CH41', 'Wirral', 'ENG', 'England'),
(452, 'CH42', 'Wirral', 'ENG', 'England'),
(453, 'CH43', 'Wirral', 'ENG', 'England'),
(454, 'CH44', 'Wirral', 'ENG', 'England'),
(455, 'CH45', 'Wirral', 'ENG', 'England'),
(456, 'CH46', 'Wirral', 'ENG', 'England'),
(457, 'CH47', 'Wirral', 'ENG', 'England'),
(458, 'CH48', 'Wirral', 'ENG', 'England'),
(459, 'CH49', 'Wirral', 'ENG', 'England'),
(460, 'CH5', 'Flintshire', 'ENG', 'England'),
(461, 'CH6', 'Flintshire', 'ENG', 'England'),
(462, 'CH60', 'Wirral', 'ENG', 'England'),
(463, 'CH61', 'Wirral', 'ENG', 'England'),
(464, 'CH62', 'Wirral', 'ENG', 'England'),
(465, 'CH63', 'Wirral', 'ENG', 'England'),
(466, 'CH64', 'Cheshire West and Chester', 'ENG', 'England'),
(467, 'CH65', 'Cheshire West and Chester', 'ENG', 'England'),
(468, 'CH66', 'Cheshire West and Chester', 'ENG', 'England'),
(469, 'CH7', 'Flintshire', 'ENG', 'England'),
(470, 'CH8', 'Flintshire', 'ENG', 'England'),
(471, 'CM0', 'Essex', 'ENG', 'England'),
(472, 'CM1', 'Essex', 'ENG', 'England'),
(473, 'CM11', 'Essex', 'ENG', 'England'),
(474, 'CM12', 'Essex', 'ENG', 'England'),
(475, 'CM13', 'Essex', 'ENG', 'England'),
(476, 'CM14', 'Essex', 'ENG', 'England'),
(477, 'CM15', 'Essex', 'ENG', 'England'),
(478, 'CM16', 'Essex', 'ENG', 'England'),
(479, 'CM17', 'Essex', 'ENG', 'England'),
(480, 'CM18', 'Essex', 'ENG', 'England'),
(481, 'CM19', 'Essex', 'ENG', 'England'),
(482, 'CM2', 'Essex', 'ENG', 'England'),
(483, 'CM20', 'Essex', 'ENG', 'England'),
(484, 'CM21', 'Hertfordshire', 'ENG', 'England'),
(485, 'CM22', 'Essex', 'ENG', 'England'),
(486, 'CM23', 'Hertfordshire', 'ENG', 'England'),
(487, 'CM24', 'Essex', 'ENG', 'England'),
(488, 'CM3', 'Essex', 'ENG', 'England'),
(489, 'CM4', 'Essex', 'ENG', 'England'),
(490, 'CM5', 'Essex', 'ENG', 'England'),
(491, 'CM6', 'Essex', 'ENG', 'England'),
(492, 'CM7', 'Essex', 'ENG', 'England'),
(493, 'CM8', 'Essex', 'ENG', 'England'),
(494, 'CM9', 'Essex', 'ENG', 'England'),
(495, 'CO1', 'Essex', 'ENG', 'England'),
(496, 'CO10', 'Suffolk', 'ENG', 'England'),
(497, 'CO11', 'Essex', 'ENG', 'England'),
(498, 'CO12', 'Essex', 'ENG', 'England'),
(499, 'CO13', 'Essex', 'ENG', 'England'),
(500, 'CO14', 'Essex', 'ENG', 'England'),
(501, 'CO15', 'Essex', 'ENG', 'England'),
(502, 'CO16', 'Essex', 'ENG', 'England'),
(503, 'CO2', 'Essex', 'ENG', 'England'),
(504, 'CO3', 'Essex', 'ENG', 'England'),
(505, 'CO4', 'Essex', 'ENG', 'England'),
(506, 'CO5', 'Essex', 'ENG', 'England'),
(507, 'CO6', 'Essex', 'ENG', 'England'),
(508, 'CO7', 'Essex', 'ENG', 'England'),
(509, 'CO8', 'Essex', 'ENG', 'England'),
(510, 'CO9', 'Essex', 'ENG', 'England'),
(511, 'CR0', 'Greater London', 'ENG', 'England'),
(512, 'CR2', 'Greater London', 'ENG', 'England'),
(513, 'CR3', 'Surrey', 'ENG', 'England'),
(514, 'CR4', 'Greater London', 'ENG', 'England'),
(515, 'CR5', 'Greater London', 'ENG', 'England'),
(516, 'CR6', 'Surrey', 'ENG', 'England'),
(517, 'CR7', 'Greater London', 'ENG', 'England'),
(518, 'CR8', 'Greater London', 'ENG', 'England'),
(519, 'CT1', 'Kent', 'ENG', 'England'),
(520, 'CT10', 'Kent', 'ENG', 'England'),
(521, 'CT11', 'Kent', 'ENG', 'England'),
(522, 'CT12', 'Kent', 'ENG', 'England'),
(523, 'CT13', 'Kent', 'ENG', 'England'),
(524, 'CT14', 'Kent', 'ENG', 'England'),
(525, 'CT15', 'Kent', 'ENG', 'England'),
(526, 'CT16', 'Kent', 'ENG', 'England'),
(527, 'CT17', 'Kent', 'ENG', 'England'),
(528, 'CT18', 'Kent', 'ENG', 'England'),
(529, 'CT19', 'Kent', 'ENG', 'England'),
(530, 'CT2', 'Kent', 'ENG', 'England'),
(531, 'CT20', 'Kent', 'ENG', 'England'),
(532, 'CT21', 'Kent', 'ENG', 'England'),
(533, 'CT3', 'Kent', 'ENG', 'England'),
(534, 'CT4', 'Kent', 'ENG', 'England'),
(535, 'CT5', 'Kent', 'ENG', 'England'),
(536, 'CT6', 'Kent', 'ENG', 'England'),
(537, 'CT7', 'Kent', 'ENG', 'England'),
(538, 'CT8', 'Kent', 'ENG', 'England'),
(539, 'CT9', 'Kent', 'ENG', 'England'),
(540, 'CV1', 'Coventry', 'ENG', 'England'),
(541, 'CV10', 'Warwickshire', 'ENG', 'England'),
(542, 'CV11', 'Warwickshire', 'ENG', 'England'),
(543, 'CV12', 'Warwickshire', 'ENG', 'England'),
(544, 'CV13', 'Leicestershire', 'ENG', 'England'),
(545, 'CV2', 'Coventry', 'ENG', 'England'),
(546, 'CV21', 'Warwickshire', 'ENG', 'England'),
(547, 'CV22', 'Warwickshire', 'ENG', 'England'),
(548, 'CV23', 'Warwickshire', 'ENG', 'England'),
(549, 'CV3', 'Coventry', 'ENG', 'England'),
(550, 'CV31', 'Warwickshire', 'ENG', 'England'),
(551, 'CV32', 'Warwickshire', 'ENG', 'England'),
(552, 'CV33', 'Warwickshire', 'ENG', 'England'),
(553, 'CV34', 'Warwickshire', 'ENG', 'England'),
(554, 'CV35', 'Warwickshire', 'ENG', 'England'),
(555, 'CV36', 'Warwickshire', 'ENG', 'England'),
(556, 'CV37', 'Warwickshire', 'ENG', 'England'),
(557, 'CV4', 'Coventry', 'ENG', 'England'),
(558, 'CV47', 'Warwickshire', 'ENG', 'England'),
(559, 'CV5', 'Coventry', 'ENG', 'England'),
(560, 'CV6', 'Coventry', 'ENG', 'England'),
(561, 'CV7', 'Coventry', 'ENG', 'England'),
(562, 'CV8', 'Warwickshire', 'ENG', 'England'),
(563, 'CV9', 'Warwickshire', 'ENG', 'England'),
(564, 'CW1', 'Cheshire East', 'ENG', 'England'),
(565, 'CW10', 'Cheshire East', 'ENG', 'England'),
(566, 'CW11', 'Cheshire East', 'ENG', 'England'),
(567, 'CW12', 'Cheshire East', 'ENG', 'England'),
(568, 'CW2', 'Cheshire East', 'ENG', 'England'),
(569, 'CW3', 'Cheshire East', 'ENG', 'England'),
(570, 'CW4', 'Cheshire East', 'ENG', 'England'),
(571, 'CW5', 'Cheshire East', 'ENG', 'England'),
(572, 'CW6', 'Cheshire West and Chester', 'ENG', 'England'),
(573, 'CW7', 'Cheshire West and Chester', 'ENG', 'England'),
(574, 'CW8', 'Cheshire West and Chester', 'ENG', 'England'),
(575, 'CW9', 'Cheshire West and Chester', 'ENG', 'England'),
(576, 'DA1', 'Kent', 'ENG', 'England'),
(577, 'DA10', 'Kent', 'ENG', 'England'),
(578, 'DA11', 'Kent', 'ENG', 'England'),
(579, 'DA12', 'Kent', 'ENG', 'England'),
(580, 'DA13', 'Kent', 'ENG', 'England'),
(581, 'DA14', 'Greater London', 'ENG', 'England'),
(582, 'DA15', 'Greater London', 'ENG', 'England'),
(583, 'DA16', 'Greater London', 'ENG', 'England'),
(584, 'DA17', 'Greater London', 'ENG', 'England'),
(585, 'DA18', 'Greater London', 'ENG', 'England'),
(586, 'DA2', 'Kent', 'ENG', 'England'),
(587, 'DA3', 'Kent', 'ENG', 'England'),
(588, 'DA4', 'Kent', 'ENG', 'England'),
(589, 'DA5', 'Greater London', 'ENG', 'England'),
(590, 'DA6', 'Greater London', 'ENG', 'England'),
(591, 'DA7', 'Greater London', 'ENG', 'England'),
(592, 'DA8', 'Greater London', 'ENG', 'England'),
(593, 'DA9', 'Kent', 'ENG', 'England'),
(594, 'DD1', 'Dundee City', 'SCT', 'Scotland'),
(595, 'DD10', 'Aberdeenshire', 'SCT', 'Scotland'),
(596, 'DD11', 'Angus', 'SCT', 'Scotland'),
(597, 'DD2', 'Dundee City', 'SCT', 'Scotland'),
(598, 'DD3', 'Dundee City', 'SCT', 'Scotland'),
(599, 'DD4', 'Dundee City', 'SCT', 'Scotland'),
(600, 'DD5', 'Dundee City', 'SCT', 'Scotland'),
(601, 'DD6', 'Fife', 'SCT', 'Scotland'),
(602, 'DD7', 'Angus', 'SCT', 'Scotland'),
(603, 'DD8', 'Angus', 'SCT', 'Scotland'),
(604, 'DD9', 'Angus', 'SCT', 'Scotland'),
(605, 'DE1', 'Derby', 'ENG', 'England'),
(606, 'DE11', 'Derbyshire', 'ENG', 'England'),
(607, 'DE12', 'Derbyshire', 'ENG', 'England'),
(608, 'DE13', 'Staffordshire', 'ENG', 'England'),
(609, 'DE14', 'Staffordshire', 'ENG', 'England'),
(610, 'DE15', 'Staffordshire', 'ENG', 'England'),
(611, 'DE21', 'Derby', 'ENG', 'England'),
(612, 'DE22', 'Derby', 'ENG', 'England'),
(613, 'DE23', 'Derby', 'ENG', 'England'),
(614, 'DE24', 'Derby', 'ENG', 'England'),
(615, 'DE3', 'Derby', 'ENG', 'England'),
(616, 'DE4', 'Derbyshire', 'ENG', 'England'),
(617, 'DE45', 'Derbyshire', 'ENG', 'England'),
(618, 'DE5', 'Derbyshire', 'ENG', 'England'),
(619, 'DE55', 'Derbyshire', 'ENG', 'England'),
(620, 'DE56', 'Derbyshire', 'ENG', 'England'),
(621, 'DE6', 'Derbyshire', 'ENG', 'England'),
(622, 'DE65', 'Derbyshire', 'ENG', 'England'),
(623, 'DE7', 'Derbyshire', 'ENG', 'England'),
(624, 'DE72', 'Derbyshire', 'ENG', 'England'),
(625, 'DE73', 'Derbyshire', 'ENG', 'England'),
(626, 'DE74', 'Leicestershire', 'ENG', 'England'),
(627, 'DE75', 'Derbyshire', 'ENG', 'England'),
(628, 'DG1', 'Dumfries and Galloway', 'SCT', 'Scotland'),
(629, 'DG10', 'Dumfries and Galloway', 'SCT', 'Scotland'),
(630, 'DG11', 'Dumfries and Galloway', 'SCT', 'Scotland'),
(631, 'DG12', 'Dumfries and Galloway', 'SCT', 'Scotland'),
(632, 'DG13', 'Dumfries and Galloway', 'SCT', 'Scotland'),
(633, 'DG14', 'Dumfries and Galloway', 'SCT', 'Scotland'),
(634, 'DG16', 'Dumfries and Galloway', 'SCT', 'Scotland'),
(635, 'DG2', 'Dumfries and Galloway', 'SCT', 'Scotland'),
(636, 'DG3', 'Dumfries and Galloway', 'SCT', 'Scotland'),
(637, 'DG4', 'Dumfries and Galloway', 'SCT', 'Scotland'),
(638, 'DG5', 'Dumfries and Galloway', 'SCT', 'Scotland'),
(639, 'DG6', 'Dumfries and Galloway', 'SCT', 'Scotland'),
(640, 'DG7', 'Dumfries and Galloway', 'SCT', 'Scotland'),
(641, 'DG8', 'Dumfries and Galloway', 'SCT', 'Scotland'),
(642, 'DG9', 'Dumfries and Galloway', 'SCT', 'Scotland'),
(643, 'DH1', 'County Durham', 'ENG', 'England'),
(644, 'DH2', 'County Durham', 'ENG', 'England'),
(645, 'DH3', 'County Durham', 'ENG', 'England'),
(646, 'DH4', 'Sunderland', 'ENG', 'England'),
(647, 'DH5', 'Sunderland', 'ENG', 'England'),
(648, 'DH6', 'County Durham', 'ENG', 'England'),
(649, 'DH7', 'County Durham', 'ENG', 'England'),
(650, 'DH8', 'County Durham', 'ENG', 'England'),
(651, 'DH9', 'County Durham', 'ENG', 'England'),
(652, 'DL1', 'Darlington', 'ENG', 'England'),
(653, 'DL10', 'North Yorkshire', 'ENG', 'England'),
(654, 'DL11', 'North Yorkshire', 'ENG', 'England'),
(655, 'DL12', 'County Durham', 'ENG', 'England'),
(656, 'DL13', 'County Durham', 'ENG', 'England'),
(657, 'DL14', 'County Durham', 'ENG', 'England'),
(658, 'DL15', 'County Durham', 'ENG', 'England'),
(659, 'DL16', 'County Durham', 'ENG', 'England'),
(660, 'DL17', 'County Durham', 'ENG', 'England'),
(661, 'DL2', 'Darlington', 'ENG', 'England'),
(662, 'DL3', 'Darlington', 'ENG', 'England'),
(663, 'DL4', 'County Durham', 'ENG', 'England'),
(664, 'DL5', 'County Durham', 'ENG', 'England'),
(665, 'DL6', 'North Yorkshire', 'ENG', 'England'),
(666, 'DL7', 'North Yorkshire', 'ENG', 'England'),
(667, 'DL8', 'North Yorkshire', 'ENG', 'England'),
(668, 'DL9', 'North Yorkshire', 'ENG', 'England'),
(669, 'DN1', 'Doncaster', 'ENG', 'England'),
(670, 'DN10', 'Nottinghamshire', 'ENG', 'England'),
(671, 'DN11', 'Doncaster', 'ENG', 'England'),
(672, 'DN12', 'Doncaster', 'ENG', 'England'),
(673, 'DN14', 'East Riding of Yorkshire', 'ENG', 'England'),
(674, 'DN15', 'North Lincolnshire', 'ENG', 'England'),
(675, 'DN16', 'North Lincolnshire', 'ENG', 'England'),
(676, 'DN17', 'North Lincolnshire', 'ENG', 'England'),
(677, 'DN18', 'North Lincolnshire', 'ENG', 'England'),
(678, 'DN19', 'North Lincolnshire', 'ENG', 'England'),
(679, 'DN2', 'Doncaster', 'ENG', 'England'),
(680, 'DN20', 'North Lincolnshire', 'ENG', 'England'),
(681, 'DN21', 'Lincolnshire', 'ENG', 'England'),
(682, 'DN22', 'Nottinghamshire', 'ENG', 'England'),
(683, 'DN3', 'Doncaster', 'ENG', 'England'),
(684, 'DN31', 'North East Lincolnshire', 'ENG', 'England'),
(685, 'DN32', 'North East Lincolnshire', 'ENG', 'England'),
(686, 'DN33', 'North East Lincolnshire', 'ENG', 'England'),
(687, 'DN34', 'North East Lincolnshire', 'ENG', 'England'),
(688, 'DN35', 'North East Lincolnshire', 'ENG', 'England'),
(689, 'DN36', 'Lincolnshire', 'ENG', 'England'),
(690, 'DN37', 'North East Lincolnshire', 'ENG', 'England'),
(691, 'DN38', 'Lincolnshire', 'ENG', 'England'),
(692, 'DN39', 'North Lincolnshire', 'ENG', 'England'),
(693, 'DN4', 'Doncaster', 'ENG', 'England'),
(694, 'DN40', 'North East Lincolnshire', 'ENG', 'England'),
(695, 'DN41', 'North East Lincolnshire', 'ENG', 'England'),
(696, 'DN5', 'Doncaster', 'ENG', 'England'),
(697, 'DN6', 'Doncaster', 'ENG', 'England'),
(698, 'DN7', 'Doncaster', 'ENG', 'England'),
(699, 'DN8', 'Doncaster', 'ENG', 'England'),
(700, 'DN9', 'North Lincolnshire', 'ENG', 'England'),
(701, 'DT1', 'Dorset', 'ENG', 'England'),
(702, 'DT10', 'Dorset', 'ENG', 'England'),
(703, 'DT11', 'Dorset', 'ENG', 'England'),
(704, 'DT2', 'Dorset', 'ENG', 'England'),
(705, 'DT3', 'Dorset', 'ENG', 'England'),
(706, 'DT4', 'Dorset', 'ENG', 'England'),
(707, 'DT5', 'Dorset', 'ENG', 'England'),
(708, 'DT6', 'Dorset', 'ENG', 'England'),
(709, 'DT7', 'Dorset', 'ENG', 'England'),
(710, 'DT8', 'Dorset', 'ENG', 'England'),
(711, 'DT9', 'Dorset', 'ENG', 'England'),
(712, 'DY1', 'Dudley', 'ENG', 'England'),
(713, 'DY10', 'Worcestershire', 'ENG', 'England'),
(714, 'DY11', 'Worcestershire', 'ENG', 'England'),
(715, 'DY12', 'Worcestershire', 'ENG', 'England'),
(716, 'DY13', 'Worcestershire', 'ENG', 'England'),
(717, 'DY14', 'Shropshire', 'ENG', 'England'),
(718, 'DY2', 'Dudley', 'ENG', 'England'),
(719, 'DY3', 'Dudley', 'ENG', 'England'),
(720, 'DY4', 'Sandwell', 'ENG', 'England'),
(721, 'DY5', 'Dudley', 'ENG', 'England'),
(722, 'DY6', 'Dudley', 'ENG', 'England'),
(723, 'DY7', 'Staffordshire', 'ENG', 'England'),
(724, 'DY8', 'Dudley', 'ENG', 'England'),
(725, 'DY9', 'Dudley', 'ENG', 'England'),
(726, 'E1', 'Greater London', 'ENG', 'England'),
(727, 'E10', 'Greater London', 'ENG', 'England'),
(728, 'E11', 'Greater London', 'ENG', 'England'),
(729, 'E12', 'Greater London', 'ENG', 'England'),
(730, 'E13', 'Greater London', 'ENG', 'England'),
(731, 'E14', 'Greater London', 'ENG', 'England'),
(732, 'E15', 'Greater London', 'ENG', 'England'),
(733, 'E16', 'Greater London', 'ENG', 'England'),
(734, 'E17', 'Greater London', 'ENG', 'England'),
(735, 'E18', 'Greater London', 'ENG', 'England'),
(736, 'E1W', 'Greater London', 'ENG', 'England'),
(737, 'E2', 'Greater London', 'ENG', 'England'),
(738, 'E3', 'Greater London', 'ENG', 'England'),
(739, 'E4', 'Greater London', 'ENG', 'England'),
(740, 'E5', 'Greater London', 'ENG', 'England'),
(741, 'E6', 'Greater London', 'ENG', 'England'),
(742, 'E7', 'Greater London', 'ENG', 'England'),
(743, 'E8', 'Greater London', 'ENG', 'England'),
(744, 'E9', 'Greater London', 'ENG', 'England'),
(745, 'EC1', 'Greater London', 'ENG', 'England'),
(746, 'EC1A', 'Greater London', 'ENG', 'England'),
(747, 'EC1M', 'Greater London', 'ENG', 'England'),
(748, 'EC1N', 'Greater London', 'ENG', 'England'),
(749, 'EC1R', 'Greater London', 'ENG', 'England'),
(750, 'EC1V', 'Greater London', 'ENG', 'England'),
(751, 'EC1Y', 'Greater London', 'ENG', 'England'),
(752, 'EC2', 'Greater London', 'ENG', 'England'),
(753, 'EC2A', 'Greater London', 'ENG', 'England'),
(754, 'EC2M', 'City of London', 'ENG', 'England'),
(755, 'EC2N', 'City of London', 'ENG', 'England'),
(756, 'EC2R', 'City of London', 'ENG', 'England'),
(757, 'EC2V', 'City of London', 'ENG', 'England'),
(758, 'EC2Y', 'City of London', 'ENG', 'England'),
(759, 'EC3', 'City of London', 'ENG', 'England'),
(760, 'EC3A', 'City of London', 'ENG', 'England'),
(761, 'EC3M', 'City of London', 'ENG', 'England'),
(762, 'EC3N', 'City of London', 'ENG', 'England'),
(763, 'EC3P', 'Greater London', 'ENG', 'England'),
(764, 'EC3R', 'City of London', 'ENG', 'England'),
(765, 'EC3V', 'City of London', 'ENG', 'England'),
(766, 'EC4', 'City of London', 'ENG', 'England'),
(767, 'EC4A', 'City of London', 'ENG', 'England'),
(768, 'EC4M', 'City of London', 'ENG', 'England'),
(769, 'EC4N', 'City of London', 'ENG', 'England'),
(770, 'EC4R', 'City of London', 'ENG', 'England'),
(771, 'EC4V', 'City of London', 'ENG', 'England'),
(772, 'EC4Y', 'City of London', 'ENG', 'England'),
(773, 'EH1', 'City of Edinburgh', 'SCT', 'Scotland'),
(774, 'EH10', 'City of Edinburgh', 'SCT', 'Scotland'),
(775, 'EH11', 'City of Edinburgh', 'SCT', 'Scotland'),
(776, 'EH12', 'City of Edinburgh', 'SCT', 'Scotland'),
(777, 'EH13', 'City of Edinburgh', 'SCT', 'Scotland'),
(778, 'EH14', 'City of Edinburgh', 'SCT', 'Scotland'),
(779, 'EH15', 'City of Edinburgh', 'SCT', 'Scotland'),
(780, 'EH16', 'City of Edinburgh', 'SCT', 'Scotland'),
(781, 'EH17', 'City of Edinburgh', 'SCT', 'Scotland'),
(782, 'EH18', 'Midlothian', 'SCT', 'Scotland'),
(783, 'EH19', 'Midlothian', 'SCT', 'Scotland'),
(784, 'EH2', 'City of Edinburgh', 'SCT', 'Scotland'),
(785, 'EH20', 'Midlothian', 'SCT', 'Scotland'),
(786, 'EH21', 'East Lothian', 'SCT', 'Scotland'),
(787, 'EH22', 'Midlothian', 'SCT', 'Scotland'),
(788, 'EH23', 'Midlothian', 'SCT', 'Scotland'),
(789, 'EH24', 'Midlothian', 'SCT', 'Scotland'),
(790, 'EH25', 'Midlothian', 'SCT', 'Scotland'),
(791, 'EH26', 'Midlothian', 'SCT', 'Scotland'),
(792, 'EH27', 'West Lothian', 'SCT', 'Scotland'),
(793, 'EH28', 'City of Edinburgh', 'SCT', 'Scotland'),
(794, 'EH29', 'City of Edinburgh', 'SCT', 'Scotland'),
(795, 'EH3', 'City of Edinburgh', 'SCT', 'Scotland'),
(796, 'EH30', 'City of Edinburgh', 'SCT', 'Scotland'),
(797, 'EH31', 'East Lothian', 'SCT', 'Scotland'),
(798, 'EH32', 'East Lothian', 'SCT', 'Scotland'),
(799, 'EH33', 'East Lothian', 'SCT', 'Scotland'),
(800, 'EH34', 'East Lothian', 'SCT', 'Scotland'),
(801, 'EH35', 'East Lothian', 'SCT', 'Scotland'),
(802, 'EH36', 'East Lothian', 'SCT', 'Scotland'),
(803, 'EH37', 'Midlothian', 'SCT', 'Scotland'),
(804, 'EH38', 'The Scottish Borders', 'SCT', 'Scotland'),
(805, 'EH39', 'East Lothian', 'SCT', 'Scotland'),
(806, 'EH4', 'City of Edinburgh', 'SCT', 'Scotland'),
(807, 'EH40', 'East Lothian', 'SCT', 'Scotland'),
(808, 'EH41', 'East Lothian', 'SCT', 'Scotland'),
(809, 'EH42', 'East Lothian', 'SCT', 'Scotland'),
(810, 'EH43', 'The Scottish Borders', 'SCT', 'Scotland'),
(811, 'EH44', 'The Scottish Borders', 'SCT', 'Scotland'),
(812, 'EH45', 'The Scottish Borders', 'SCT', 'Scotland'),
(813, 'EH46', 'The Scottish Borders', 'SCT', 'Scotland'),
(814, 'EH47', 'West Lothian', 'SCT', 'Scotland'),
(815, 'EH48', 'West Lothian', 'SCT', 'Scotland'),
(816, 'EH49', 'West Lothian', 'SCT', 'Scotland'),
(817, 'EH5', 'City of Edinburgh', 'SCT', 'Scotland'),
(818, 'EH51', 'Falkirk', 'SCT', 'Scotland'),
(819, 'EH52', 'West Lothian', 'SCT', 'Scotland'),
(820, 'EH53', 'West Lothian', 'SCT', 'Scotland'),
(821, 'EH54', 'West Lothian', 'SCT', 'Scotland'),
(822, 'EH55', 'West Lothian', 'SCT', 'Scotland'),
(823, 'EH6', 'City of Edinburgh', 'SCT', 'Scotland'),
(824, 'EH7', 'City of Edinburgh', 'SCT', 'Scotland'),
(825, 'EH8', 'City of Edinburgh', 'SCT', 'Scotland'),
(826, 'EH9', 'City of Edinburgh', 'SCT', 'Scotland'),
(827, 'EN1', 'Greater London', 'ENG', 'England'),
(828, 'EN10', 'Hertfordshire', 'ENG', 'England'),
(829, 'EN11', 'Hertfordshire', 'ENG', 'England'),
(830, 'EN2', 'Greater London', 'ENG', 'England'),
(831, 'EN3', 'Greater London', 'ENG', 'England'),
(832, 'EN4', 'Greater London', 'ENG', 'England'),
(833, 'EN5', 'Greater London', 'ENG', 'England'),
(834, 'EN6', 'Hertfordshire', 'ENG', 'England'),
(835, 'EN7', 'Hertfordshire', 'ENG', 'England'),
(836, 'EN8', 'Hertfordshire', 'ENG', 'England'),
(837, 'EN9', 'Essex', 'ENG', 'England'),
(838, 'EX1', 'Devon', 'ENG', 'England'),
(839, 'EX10', 'Devon', 'ENG', 'England'),
(840, 'EX11', 'Devon', 'ENG', 'England'),
(841, 'EX12', 'Devon', 'ENG', 'England'),
(842, 'EX13', 'Devon', 'ENG', 'England'),
(843, 'EX14', 'Devon', 'ENG', 'England'),
(844, 'EX15', 'Devon', 'ENG', 'England'),
(845, 'EX16', 'Devon', 'ENG', 'England'),
(846, 'EX17', 'Devon', 'ENG', 'England'),
(847, 'EX18', 'Devon', 'ENG', 'England'),
(848, 'EX19', 'Devon', 'ENG', 'England'),
(849, 'EX2', 'Devon', 'ENG', 'England'),
(850, 'EX20', 'Devon', 'ENG', 'England'),
(851, 'EX21', 'Devon', 'ENG', 'England'),
(852, 'EX22', 'Devon', 'ENG', 'England'),
(853, 'EX23', 'Cornwall', 'ENG', 'England'),
(854, 'EX24', 'Devon', 'ENG', 'England'),
(855, 'EX3', 'Devon', 'ENG', 'England'),
(856, 'EX31', 'Devon', 'ENG', 'England'),
(857, 'EX32', 'Devon', 'ENG', 'England'),
(858, 'EX33', 'Devon', 'ENG', 'England'),
(859, 'EX34', 'Devon', 'ENG', 'England'),
(860, 'EX35', 'Devon', 'ENG', 'England'),
(861, 'EX36', 'Devon', 'ENG', 'England'),
(862, 'EX37', 'Devon', 'ENG', 'England'),
(863, 'EX38', 'Devon', 'ENG', 'England'),
(864, 'EX39', 'Devon', 'ENG', 'England'),
(865, 'EX4', 'Devon', 'ENG', 'England'),
(866, 'EX5', 'Devon', 'ENG', 'England'),
(867, 'EX6', 'Devon', 'ENG', 'England'),
(868, 'EX7', 'Devon', 'ENG', 'England'),
(869, 'EX8', 'Devon', 'ENG', 'England'),
(870, 'EX9', 'Devon', 'ENG', 'England'),
(871, 'FK1', 'Falkirk', 'SCT', 'Scotland'),
(872, 'FK10', 'Clackmannanshire', 'SCT', 'Scotland'),
(873, 'FK11', 'Clackmannanshire', 'SCT', 'Scotland'),
(874, 'FK12', 'Clackmannanshire', 'SCT', 'Scotland'),
(875, 'FK13', 'Clackmannanshire', 'SCT', 'Scotland'),
(876, 'FK14', 'Clackmannanshire', 'SCT', 'Scotland'),
(877, 'FK15', 'Stirling', 'SCT', 'Scotland'),
(878, 'FK16', 'Stirling', 'SCT', 'Scotland'),
(879, 'FK17', 'Stirling', 'SCT', 'Scotland'),
(880, 'FK18', 'Stirling', 'SCT', 'Scotland'),
(881, 'FK19', 'Stirling', 'SCT', 'Scotland'),
(882, 'FK2', 'Falkirk', 'SCT', 'Scotland'),
(883, 'FK20', 'Stirling', 'SCT', 'Scotland'),
(884, 'FK21', 'Stirling', 'SCT', 'Scotland'),
(885, 'FK3', 'Falkirk', 'SCT', 'Scotland'),
(886, 'FK4', 'Falkirk', 'SCT', 'Scotland'),
(887, 'FK5', 'Falkirk', 'SCT', 'Scotland'),
(888, 'FK6', 'Falkirk', 'SCT', 'Scotland'),
(889, 'FK7', 'Stirling', 'SCT', 'Scotland'),
(890, 'FK8', 'Stirling', 'SCT', 'Scotland'),
(891, 'FK9', 'Stirling', 'SCT', 'Scotland'),
(892, 'FY1', 'Blackpool', 'ENG', 'England'),
(893, 'FY2', 'Blackpool', 'ENG', 'England'),
(894, 'FY3', 'Blackpool', 'ENG', 'England'),
(895, 'FY4', 'Blackpool', 'ENG', 'England'),
(896, 'FY5', 'Lancashire', 'ENG', 'England'),
(897, 'FY6', 'Lancashire', 'ENG', 'England'),
(898, 'FY7', 'Lancashire', 'ENG', 'England'),
(899, 'FY8', 'Lancashire', 'ENG', 'England'),
(900, 'G1', 'Glasgow City', 'SCT', 'Scotland'),
(901, 'G11', 'Glasgow City', 'SCT', 'Scotland'),
(902, 'G12', 'Glasgow City', 'SCT', 'Scotland'),
(903, 'G13', 'Glasgow City', 'SCT', 'Scotland'),
(904, 'G14', 'Glasgow City', 'SCT', 'Scotland'),
(905, 'G15', 'Glasgow City', 'SCT', 'Scotland'),
(906, 'G2', 'Glasgow City', 'SCT', 'Scotland'),
(907, 'G20', 'Glasgow City', 'SCT', 'Scotland'),
(908, 'G21', 'Glasgow City', 'SCT', 'Scotland'),
(909, 'G22', 'Glasgow City', 'SCT', 'Scotland'),
(910, 'G23', 'Glasgow City', 'SCT', 'Scotland'),
(911, 'G3', 'Glasgow City', 'SCT', 'Scotland'),
(912, 'G31', 'Glasgow City', 'SCT', 'Scotland'),
(913, 'G32', 'Glasgow City', 'SCT', 'Scotland'),
(914, 'G33', 'Glasgow City', 'SCT', 'Scotland'),
(915, 'G34', 'Glasgow City', 'SCT', 'Scotland'),
(916, 'G4', 'Glasgow City', 'SCT', 'Scotland'),
(917, 'G40', 'Glasgow City', 'SCT', 'Scotland'),
(918, 'G41', 'Glasgow City', 'SCT', 'Scotland'),
(919, 'G42', 'Glasgow City', 'SCT', 'Scotland'),
(920, 'G43', 'Glasgow City', 'SCT', 'Scotland'),
(921, 'G44', 'Glasgow City', 'SCT', 'Scotland'),
(922, 'G45', 'Glasgow City', 'SCT', 'Scotland'),
(923, 'G46', 'East Renfrewshire', 'SCT', 'Scotland'),
(924, 'G5', 'Glasgow City', 'SCT', 'Scotland'),
(925, 'G51', 'Glasgow City', 'SCT', 'Scotland'),
(926, 'G52', 'Glasgow City', 'SCT', 'Scotland'),
(927, 'G53', 'Glasgow City', 'SCT', 'Scotland'),
(928, 'G60', 'West Dunbartonshire', 'SCT', 'Scotland'),
(929, 'G61', 'East Dunbartonshire', 'SCT', 'Scotland'),
(930, 'G62', 'East Dunbartonshire', 'SCT', 'Scotland'),
(931, 'G63', 'Stirling', 'SCT', 'Scotland'),
(932, 'G64', 'East Dunbartonshire', 'SCT', 'Scotland'),
(933, 'G65', 'North Lanarkshire', 'SCT', 'Scotland'),
(934, 'G66', 'East Dunbartonshire', 'SCT', 'Scotland'),
(935, 'G67', 'North Lanarkshire', 'SCT', 'Scotland'),
(936, 'G68', 'North Lanarkshire', 'SCT', 'Scotland'),
(937, 'G69', 'Glasgow City', 'SCT', 'Scotland'),
(938, 'G71', 'South Lanarkshire', 'SCT', 'Scotland'),
(939, 'G72', 'South Lanarkshire', 'SCT', 'Scotland'),
(940, 'G73', 'South Lanarkshire', 'SCT', 'Scotland'),
(941, 'G74', 'South Lanarkshire', 'SCT', 'Scotland'),
(942, 'G76', 'East Renfrewshire', 'SCT', 'Scotland'),
(943, 'G77', 'East Renfrewshire', 'SCT', 'Scotland'),
(944, 'G78', 'East Renfrewshire', 'SCT', 'Scotland'),
(945, 'G81', 'West Dunbartonshire', 'SCT', 'Scotland'),
(946, 'G82', 'West Dunbartonshire', 'SCT', 'Scotland'),
(947, 'G83', 'West Dunbartonshire', 'SCT', 'Scotland'),
(948, 'G84', 'Argyll and Bute', 'SCT', 'Scotland'),
(949, 'GL1', 'Gloucestershire', 'ENG', 'England'),
(950, 'GL10', 'Gloucestershire', 'ENG', 'England'),
(951, 'GL11', 'Gloucestershire', 'ENG', 'England'),
(952, 'GL12', 'Gloucestershire', 'ENG', 'England'),
(953, 'GL13', 'Gloucestershire', 'ENG', 'England'),
(954, 'GL14', 'Gloucestershire', 'ENG', 'England'),
(955, 'GL15', 'Gloucestershire', 'ENG', 'England'),
(956, 'GL16', 'Gloucestershire', 'ENG', 'England'),
(957, 'GL17', 'Gloucestershire', 'ENG', 'England'),
(958, 'GL18', 'Gloucestershire', 'ENG', 'England'),
(959, 'GL19', 'Gloucestershire', 'ENG', 'England'),
(960, 'GL2', 'Gloucestershire', 'ENG', 'England'),
(961, 'GL20', 'Gloucestershire', 'ENG', 'England'),
(962, 'GL3', 'Gloucestershire', 'ENG', 'England'),
(963, 'GL4', 'Gloucestershire', 'ENG', 'England'),
(964, 'GL5', 'Gloucestershire', 'ENG', 'England'),
(965, 'GL50', 'Gloucestershire', 'ENG', 'England'),
(966, 'GL51', 'Gloucestershire', 'ENG', 'England'),
(967, 'GL52', 'Gloucestershire', 'ENG', 'England'),
(968, 'GL53', 'Gloucestershire', 'ENG', 'England'),
(969, 'GL54', 'Gloucestershire', 'ENG', 'England'),
(970, 'GL55', 'Gloucestershire', 'ENG', 'England'),
(971, 'GL56', 'Gloucestershire', 'ENG', 'England'),
(972, 'GL6', 'Gloucestershire', 'ENG', 'England'),
(973, 'GL7', 'Gloucestershire', 'ENG', 'England'),
(974, 'GL8', 'Gloucestershire', 'ENG', 'England'),
(975, 'GL9', 'South Gloucestershire', 'ENG', 'England'),
(976, 'GU1', 'Surrey', 'ENG', 'England'),
(977, 'GU10', 'Surrey', 'ENG', 'England'),
(978, 'GU11', 'Hampshire', 'ENG', 'England'),
(979, 'GU12', 'Surrey', 'ENG', 'England'),
(980, 'GU13', 'Hampshire', 'ENG', 'England'),
(981, 'GU14', 'Hampshire', 'ENG', 'England'),
(982, 'GU15', 'Surrey', 'ENG', 'England'),
(983, 'GU16', 'Surrey', 'ENG', 'England'),
(984, 'GU17', 'Hampshire', 'ENG', 'England'),
(985, 'GU18', 'Surrey', 'ENG', 'England'),
(986, 'GU19', 'Surrey', 'ENG', 'England'),
(987, 'GU2', 'Surrey', 'ENG', 'England'),
(988, 'GU20', 'Surrey', 'ENG', 'England'),
(989, 'GU21', 'Surrey', 'ENG', 'England'),
(990, 'GU22', 'Surrey', 'ENG', 'England'),
(991, 'GU23', 'Surrey', 'ENG', 'England'),
(992, 'GU24', 'Surrey', 'ENG', 'England'),
(993, 'GU25', 'Surrey', 'ENG', 'England'),
(994, 'GU26', 'Surrey', 'ENG', 'England'),
(995, 'GU27', 'Surrey', 'ENG', 'England'),
(996, 'GU28', 'West Sussex', 'ENG', 'England'),
(997, 'GU29', 'West Sussex', 'ENG', 'England'),
(998, 'GU3', 'Surrey', 'ENG', 'England'),
(999, 'GU30', 'Hampshire', 'ENG', 'England'),
(1000, 'GU31', 'Hampshire', 'ENG', 'England'),
(1001, 'GU32', 'Hampshire', 'ENG', 'England'),
(1002, 'GU33', 'Hampshire', 'ENG', 'England'),
(1003, 'GU34', 'Hampshire', 'ENG', 'England'),
(1004, 'GU35', 'Hampshire', 'ENG', 'England'),
(1005, 'GU4', 'Surrey', 'ENG', 'England'),
(1006, 'GU46', 'Hampshire', 'ENG', 'England'),
(1007, 'GU47', 'Bracknell Forest', 'ENG', 'England'),
(1008, 'GU5', 'Surrey', 'ENG', 'England'),
(1009, 'GU51', 'Hampshire', 'ENG', 'England'),
(1010, 'GU52', 'Hampshire', 'ENG', 'England'),
(1011, 'GU6', 'Surrey', 'ENG', 'England'),
(1012, 'GU7', 'Surrey', 'ENG', 'England'),
(1013, 'GU8', 'Surrey', 'ENG', 'England'),
(1014, 'GU9', 'Surrey', 'ENG', 'England'),
(1015, 'GY1', 'Guernsey', 'GG', 'Guernsey'),
(1016, 'GY2', 'Guernsey', 'GG', 'Guernsey'),
(1017, 'GY3', 'Guernsey', 'GG', 'Guernsey'),
(1018, 'GY4', 'Guernsey', 'GG', 'Guernsey'),
(1019, 'GY5', 'Guernsey', 'GG', 'Guernsey'),
(1020, 'GY6', 'Guernsey', 'GG', 'Guernsey'),
(1021, 'GY7', 'Guernsey', 'GG', 'Guernsey'),
(1022, 'GY8', 'Guernsey', 'GG', 'Guernsey'),
(1023, 'GY9', 'Guernsey', 'GG', 'Guernsey'),
(1024, 'HA0', 'Greater London', 'ENG', 'England'),
(1025, 'HA1', 'Greater London', 'ENG', 'England'),
(1026, 'HA2', 'Greater London', 'ENG', 'England'),
(1027, 'HA3', 'Greater London', 'ENG', 'England'),
(1028, 'HA4', 'Greater London', 'ENG', 'England'),
(1029, 'HA5', 'Greater London', 'ENG', 'England'),
(1030, 'HA6', 'Greater London', 'ENG', 'England'),
(1031, 'HA7', 'Greater London', 'ENG', 'England'),
(1032, 'HA8', 'Greater London', 'ENG', 'England'),
(1033, 'HA9', 'Greater London', 'ENG', 'England'),
(1034, 'HD1', 'Kirklees', 'ENG', 'England'),
(1035, 'HD2', 'Kirklees', 'ENG', 'England'),
(1036, 'HD3', 'Kirklees', 'ENG', 'England'),
(1037, 'HD4', 'Kirklees', 'ENG', 'England'),
(1038, 'HD5', 'Kirklees', 'ENG', 'England'),
(1039, 'HD6', 'Calderdale', 'ENG', 'England'),
(1040, 'HD7', 'Kirklees', 'ENG', 'England'),
(1041, 'HD8', 'Kirklees', 'ENG', 'England'),
(1042, 'HD9', 'Kirklees', 'ENG', 'England'),
(1043, 'HG1', 'North Yorkshire', 'ENG', 'England'),
(1044, 'HG2', 'North Yorkshire', 'ENG', 'England'),
(1045, 'HG3', 'North Yorkshire', 'ENG', 'England'),
(1046, 'HG4', 'North Yorkshire', 'ENG', 'England'),
(1047, 'HG5', 'North Yorkshire', 'ENG', 'England'),
(1048, 'HP1', 'Hertfordshire', 'ENG', 'England'),
(1049, 'HP10', 'Buckinghamshire', 'ENG', 'England'),
(1050, 'HP11', 'Buckinghamshire', 'ENG', 'England'),
(1051, 'HP12', 'Buckinghamshire', 'ENG', 'England'),
(1052, 'HP13', 'Buckinghamshire', 'ENG', 'England'),
(1053, 'HP14', 'Buckinghamshire', 'ENG', 'England'),
(1054, 'HP15', 'Buckinghamshire', 'ENG', 'England'),
(1055, 'HP16', 'Buckinghamshire', 'ENG', 'England'),
(1056, 'HP17', 'Buckinghamshire', 'ENG', 'England'),
(1057, 'HP18', 'Buckinghamshire', 'ENG', 'England'),
(1058, 'HP19', 'Buckinghamshire', 'ENG', 'England'),
(1059, 'HP2', 'Hertfordshire', 'ENG', 'England'),
(1060, 'HP20', 'Buckinghamshire', 'ENG', 'England'),
(1061, 'HP21', 'Buckinghamshire', 'ENG', 'England'),
(1062, 'HP22', 'Buckinghamshire', 'ENG', 'England'),
(1063, 'HP23', 'Hertfordshire', 'ENG', 'England'),
(1064, 'HP27', 'Buckinghamshire', 'ENG', 'England'),
(1065, 'HP3', 'Hertfordshire', 'ENG', 'England'),
(1066, 'HP4', 'Hertfordshire', 'ENG', 'England'),
(1067, 'HP5', 'Buckinghamshire', 'ENG', 'England'),
(1068, 'HP6', 'Buckinghamshire', 'ENG', 'England'),
(1069, 'HP7', 'Buckinghamshire', 'ENG', 'England'),
(1070, 'HP8', 'Buckinghamshire', 'ENG', 'England'),
(1071, 'HP9', 'Buckinghamshire', 'ENG', 'England'),
(1072, 'HR1', 'County of Herefordshire', 'ENG', 'England'),
(1073, 'HR2', 'County of Herefordshire', 'ENG', 'England'),
(1074, 'HR3', 'County of Herefordshire', 'ENG', 'England'),
(1075, 'HR4', 'County of Herefordshire', 'ENG', 'England'),
(1076, 'HR5', 'County of Herefordshire', 'ENG', 'England');
INSERT INTO `counties` (`id`, `postcode`, `region`, `country`, `country_string`) VALUES
(1077, 'HR6', 'County of Herefordshire', 'ENG', 'England'),
(1078, 'HR7', 'County of Herefordshire', 'ENG', 'England'),
(1079, 'HR8', 'County of Herefordshire', 'ENG', 'England'),
(1080, 'HR9', 'County of Herefordshire', 'ENG', 'England'),
(1081, 'HS1', 'Eilean Siar', 'SCT', 'Scotland'),
(1082, 'HS2', 'Eilean Siar', 'SCT', 'Scotland'),
(1083, 'HS3', 'Eilean Siar', 'SCT', 'Scotland'),
(1084, 'HS4', 'Eilean Siar', 'SCT', 'Scotland'),
(1085, 'HS5', 'Eilean Siar', 'SCT', 'Scotland'),
(1086, 'HS6', 'Eilean Siar', 'SCT', 'Scotland'),
(1087, 'HS7', 'Eilean Siar', 'SCT', 'Scotland'),
(1088, 'HS8', 'Eilean Siar', 'SCT', 'Scotland'),
(1089, 'HS9', 'Eilean Siar', 'SCT', 'Scotland'),
(1090, 'HU1', 'East Riding of Yorkshire', 'ENG', 'England'),
(1091, 'HU10', 'East Riding of Yorkshire', 'ENG', 'England'),
(1092, 'HU11', 'East Riding of Yorkshire', 'ENG', 'England'),
(1093, 'HU12', 'East Riding of Yorkshire', 'ENG', 'England'),
(1094, 'HU13', 'East Riding of Yorkshire', 'ENG', 'England'),
(1095, 'HU14', 'East Riding of Yorkshire', 'ENG', 'England'),
(1096, 'HU15', 'East Riding of Yorkshire', 'ENG', 'England'),
(1097, 'HU16', 'East Riding of Yorkshire', 'ENG', 'England'),
(1098, 'HU17', 'East Riding of Yorkshire', 'ENG', 'England'),
(1099, 'HU18', 'East Riding of Yorkshire', 'ENG', 'England'),
(1100, 'HU19', 'East Riding of Yorkshire', 'ENG', 'England'),
(1101, 'HU2', 'East Riding of Yorkshire', 'ENG', 'England'),
(1102, 'HU20', 'East Riding of Yorkshire', 'ENG', 'England'),
(1103, 'HU3', 'East Riding of Yorkshire', 'ENG', 'England'),
(1104, 'HU4', 'City of Kingston-upon-Hull', 'ENG', 'England'),
(1105, 'HU5', 'East Riding of Yorkshire', 'ENG', 'England'),
(1106, 'HU6', 'East Riding of Yorkshire', 'ENG', 'England'),
(1107, 'HU7', 'East Riding of Yorkshire', 'ENG', 'England'),
(1108, 'HU8', 'East Riding of Yorkshire', 'ENG', 'England'),
(1109, 'HU9', 'East Riding of Yorkshire', 'ENG', 'England'),
(1110, 'HX1', 'Calderdale', 'ENG', 'England'),
(1111, 'HX2', 'Calderdale', 'ENG', 'England'),
(1112, 'HX3', 'Calderdale', 'ENG', 'England'),
(1113, 'HX4', 'Calderdale', 'ENG', 'England'),
(1114, 'HX5', 'Calderdale', 'ENG', 'England'),
(1115, 'HX6', 'Calderdale', 'ENG', 'England'),
(1116, 'HX7', 'Calderdale', 'ENG', 'England'),
(1117, 'IG1', 'Greater London', 'ENG', 'England'),
(1118, 'IG10', 'Essex', 'ENG', 'England'),
(1119, 'IG11', 'Greater London', 'ENG', 'England'),
(1120, 'IG2', 'Greater London', 'ENG', 'England'),
(1121, 'IG3', 'Greater London', 'ENG', 'England'),
(1122, 'IG4', 'Greater London', 'ENG', 'England'),
(1123, 'IG5', 'Greater London', 'ENG', 'England'),
(1124, 'IG6', 'Greater London', 'ENG', 'England'),
(1125, 'IG7', 'Essex', 'ENG', 'England'),
(1126, 'IG8', 'Greater London', 'ENG', 'England'),
(1127, 'IG9', 'Essex', 'ENG', 'England'),
(1128, 'IM1', 'IOM', 'IM', 'Isle of Man'),
(1129, 'IM2', 'IOM', 'IM', 'Isle of Man'),
(1130, 'IM3', 'IOM', 'IM', 'Isle of Man'),
(1131, 'IM4', 'IOM', 'IM', 'Isle of Man'),
(1132, 'IM5', 'IOM', 'IM', 'Isle of Man'),
(1133, 'IM6', 'IOM', 'IM', 'Isle of Man'),
(1134, 'IM7', 'IOM', 'IM', 'Isle of Man'),
(1135, 'IM8', 'IOM', 'IM', 'Isle of Man'),
(1136, 'IM9', 'IOM', 'IM', 'Isle of Man'),
(1137, 'IP1', 'Suffolk', 'ENG', 'England'),
(1138, 'IP10', 'Suffolk', 'ENG', 'England'),
(1139, 'IP11', 'Suffolk', 'ENG', 'England'),
(1140, 'IP12', 'Suffolk', 'ENG', 'England'),
(1141, 'IP13', 'Suffolk', 'ENG', 'England'),
(1142, 'IP14', 'Suffolk', 'ENG', 'England'),
(1143, 'IP15', 'Suffolk', 'ENG', 'England'),
(1144, 'IP16', 'Suffolk', 'ENG', 'England'),
(1145, 'IP17', 'Suffolk', 'ENG', 'England'),
(1146, 'IP18', 'Suffolk', 'ENG', 'England'),
(1147, 'IP19', 'Suffolk', 'ENG', 'England'),
(1148, 'IP2', 'Suffolk', 'ENG', 'England'),
(1149, 'IP20', 'Norfolk', 'ENG', 'England'),
(1150, 'IP21', 'Suffolk', 'ENG', 'England'),
(1151, 'IP22', 'Suffolk', 'ENG', 'England'),
(1152, 'IP23', 'Suffolk', 'ENG', 'England'),
(1153, 'IP24', 'Norfolk', 'ENG', 'England'),
(1154, 'IP25', 'Norfolk', 'ENG', 'England'),
(1155, 'IP26', 'Norfolk', 'ENG', 'England'),
(1156, 'IP27', 'Suffolk', 'ENG', 'England'),
(1157, 'IP28', 'Suffolk', 'ENG', 'England'),
(1158, 'IP29', 'Suffolk', 'ENG', 'England'),
(1159, 'IP3', 'Suffolk', 'ENG', 'England'),
(1160, 'IP30', 'Suffolk', 'ENG', 'England'),
(1161, 'IP31', 'Suffolk', 'ENG', 'England'),
(1162, 'IP32', 'Suffolk', 'ENG', 'England'),
(1163, 'IP33', 'Suffolk', 'ENG', 'England'),
(1164, 'IP4', 'Suffolk', 'ENG', 'England'),
(1165, 'IP5', 'Suffolk', 'ENG', 'England'),
(1166, 'IP6', 'Suffolk', 'ENG', 'England'),
(1167, 'IP7', 'Suffolk', 'ENG', 'England'),
(1168, 'IP8', 'Suffolk', 'ENG', 'England'),
(1169, 'IP9', 'Suffolk', 'ENG', 'England'),
(1170, 'IV1', 'Highland', 'SCT', 'Scotland'),
(1171, 'IV10', 'Highland', 'SCT', 'Scotland'),
(1172, 'IV11', 'Highland', 'SCT', 'Scotland'),
(1173, 'IV12', 'Highland', 'SCT', 'Scotland'),
(1174, 'IV13', 'Highland', 'SCT', 'Scotland'),
(1175, 'IV14', 'Highland', 'SCT', 'Scotland'),
(1176, 'IV15', 'Highland', 'SCT', 'Scotland'),
(1177, 'IV16', 'Highland', 'SCT', 'Scotland'),
(1178, 'IV17', 'Highland', 'SCT', 'Scotland'),
(1179, 'IV18', 'Highland', 'SCT', 'Scotland'),
(1180, 'IV19', 'Highland', 'SCT', 'Scotland'),
(1181, 'IV2', 'Highland', 'SCT', 'Scotland'),
(1182, 'IV20', 'Highland', 'SCT', 'Scotland'),
(1183, 'IV21', 'Highland', 'SCT', 'Scotland'),
(1184, 'IV22', 'Highland', 'SCT', 'Scotland'),
(1185, 'IV23', 'Highland', 'SCT', 'Scotland'),
(1186, 'IV24', 'Highland', 'SCT', 'Scotland'),
(1187, 'IV25', 'Highland', 'SCT', 'Scotland'),
(1188, 'IV26', 'Highland', 'SCT', 'Scotland'),
(1189, 'IV27', 'Highland', 'SCT', 'Scotland'),
(1190, 'IV28', 'Highland', 'SCT', 'Scotland'),
(1191, 'IV3', 'Highland', 'SCT', 'Scotland'),
(1192, 'IV30', 'Moray', 'SCT', 'Scotland'),
(1193, 'IV31', 'Moray', 'SCT', 'Scotland'),
(1194, 'IV32', 'Moray', 'SCT', 'Scotland'),
(1195, 'IV36', 'Moray', 'SCT', 'Scotland'),
(1196, 'IV4', 'Highland', 'SCT', 'Scotland'),
(1197, 'IV40', 'Highland', 'SCT', 'Scotland'),
(1198, 'IV41', 'Highland', 'SCT', 'Scotland'),
(1199, 'IV42', 'Highland', 'SCT', 'Scotland'),
(1200, 'IV43', 'Highland', 'SCT', 'Scotland'),
(1201, 'IV44', 'Highland', 'SCT', 'Scotland'),
(1202, 'IV45', 'Highland', 'SCT', 'Scotland'),
(1203, 'IV46', 'Highland', 'SCT', 'Scotland'),
(1204, 'IV47', 'Highland', 'SCT', 'Scotland'),
(1205, 'IV48', 'Highland', 'SCT', 'Scotland'),
(1206, 'IV49', 'Highland', 'SCT', 'Scotland'),
(1207, 'IV5', 'Highland', 'SCT', 'Scotland'),
(1208, 'IV51', 'Highland', 'SCT', 'Scotland'),
(1209, 'IV52', 'Highland', 'SCT', 'Scotland'),
(1210, 'IV53', 'Highland', 'SCT', 'Scotland'),
(1211, 'IV54', 'Highland', 'SCT', 'Scotland'),
(1212, 'IV55', 'Highland', 'SCT', 'Scotland'),
(1213, 'IV56', 'Highland', 'SCT', 'Scotland'),
(1214, 'IV6', 'Highland', 'SCT', 'Scotland'),
(1215, 'IV63', 'Highland', 'SCT', 'Scotland'),
(1216, 'IV7', 'Highland', 'SCT', 'Scotland'),
(1217, 'IV8', 'Highland', 'SCT', 'Scotland'),
(1218, 'IV9', 'Highland', 'SCT', 'Scotland'),
(1219, 'JE1', 'Jersey', 'JE', 'Jersey'),
(1220, 'JE2', 'Jersey', 'JE', 'Jersey'),
(1221, 'JE3', 'Jersey', 'JE', 'Jersey'),
(1222, 'JE4', 'Jersey', 'JE', 'Jersey'),
(1223, 'KA1', 'East Ayrshire', 'SCT', 'Scotland'),
(1224, 'KA10', 'South Ayrshire', 'SCT', 'Scotland'),
(1225, 'KA11', 'North Ayrshire', 'SCT', 'Scotland'),
(1226, 'KA12', 'North Ayrshire', 'SCT', 'Scotland'),
(1227, 'KA13', 'North Ayrshire', 'SCT', 'Scotland'),
(1228, 'KA14', 'North Ayrshire', 'SCT', 'Scotland'),
(1229, 'KA15', 'North Ayrshire', 'SCT', 'Scotland'),
(1230, 'KA16', 'East Ayrshire', 'SCT', 'Scotland'),
(1231, 'KA17', 'East Ayrshire', 'SCT', 'Scotland'),
(1232, 'KA18', 'East Ayrshire', 'SCT', 'Scotland'),
(1233, 'KA19', 'South Ayrshire', 'SCT', 'Scotland'),
(1234, 'KA2', 'East Ayrshire', 'SCT', 'Scotland'),
(1235, 'KA20', 'North Ayrshire', 'SCT', 'Scotland'),
(1236, 'KA21', 'North Ayrshire', 'SCT', 'Scotland'),
(1237, 'KA22', 'North Ayrshire', 'SCT', 'Scotland'),
(1238, 'KA23', 'North Ayrshire', 'SCT', 'Scotland'),
(1239, 'KA24', 'North Ayrshire', 'SCT', 'Scotland'),
(1240, 'KA25', 'North Ayrshire', 'SCT', 'Scotland'),
(1241, 'KA26', 'South Ayrshire', 'SCT', 'Scotland'),
(1242, 'KA27', 'North Ayrshire', 'SCT', 'Scotland'),
(1243, 'KA28', 'North Ayrshire', 'SCT', 'Scotland'),
(1244, 'KA29', 'North Ayrshire', 'SCT', 'Scotland'),
(1245, 'KA3', 'East Ayrshire', 'SCT', 'Scotland'),
(1246, 'KA30', 'North Ayrshire', 'SCT', 'Scotland'),
(1247, 'KA4', 'East Ayrshire', 'SCT', 'Scotland'),
(1248, 'KA5', 'East Ayrshire', 'SCT', 'Scotland'),
(1249, 'KA6', 'South Ayrshire', 'SCT', 'Scotland'),
(1250, 'KA7', 'South Ayrshire', 'SCT', 'Scotland'),
(1251, 'KA8', 'South Ayrshire', 'SCT', 'Scotland'),
(1252, 'KA9', 'South Ayrshire', 'SCT', 'Scotland'),
(1253, 'KT1', 'Greater London', 'ENG', 'England'),
(1254, 'KT10', 'Surrey', 'ENG', 'England'),
(1255, 'KT11', 'Surrey', 'ENG', 'England'),
(1256, 'KT12', 'Surrey', 'ENG', 'England'),
(1257, 'KT13', 'Surrey', 'ENG', 'England'),
(1258, 'KT14', 'Surrey', 'ENG', 'England'),
(1259, 'KT15', 'Surrey', 'ENG', 'England'),
(1260, 'KT16', 'Surrey', 'ENG', 'England'),
(1261, 'KT17', 'Surrey', 'ENG', 'England'),
(1262, 'KT18', 'Surrey', 'ENG', 'England'),
(1263, 'KT19', 'Surrey', 'ENG', 'England'),
(1264, 'KT2', 'Greater London', 'ENG', 'England'),
(1265, 'KT20', 'Surrey', 'ENG', 'England'),
(1266, 'KT21', 'Surrey', 'ENG', 'England'),
(1267, 'KT22', 'Surrey', 'ENG', 'England'),
(1268, 'KT23', 'Surrey', 'ENG', 'England'),
(1269, 'KT24', 'Surrey', 'ENG', 'England'),
(1270, 'KT3', 'Greater London', 'ENG', 'England'),
(1271, 'KT4', 'Greater London', 'ENG', 'England'),
(1272, 'KT5', 'Greater London', 'ENG', 'England'),
(1273, 'KT6', 'Greater London', 'ENG', 'England'),
(1274, 'KT7', 'Surrey', 'ENG', 'England'),
(1275, 'KT8', 'Surrey', 'ENG', 'England'),
(1276, 'KT9', 'Greater London', 'ENG', 'England'),
(1277, 'KW1', 'Highland', 'SCT', 'Scotland'),
(1278, 'KW10', 'Highland', 'SCT', 'Scotland'),
(1279, 'KW11', 'Highland', 'SCT', 'Scotland'),
(1280, 'KW12', 'Highland', 'SCT', 'Scotland'),
(1281, 'KW13', 'Highland', 'SCT', 'Scotland'),
(1282, 'KW14', 'Highland', 'SCT', 'Scotland'),
(1283, 'KW15', 'Orkney Islands', 'SCT', 'Scotland'),
(1284, 'KW16', 'Orkney Islands', 'SCT', 'Scotland'),
(1285, 'KW17', 'Orkney Islands', 'SCT', 'Scotland'),
(1286, 'KW2', 'Highland', 'SCT', 'Scotland'),
(1287, 'KW3', 'Highland', 'SCT', 'Scotland'),
(1288, 'KW5', 'Highland', 'SCT', 'Scotland'),
(1289, 'KW6', 'Highland', 'SCT', 'Scotland'),
(1290, 'KW7', 'Highland', 'SCT', 'Scotland'),
(1291, 'KW8', 'Highland', 'SCT', 'Scotland'),
(1292, 'KW9', 'Highland', 'SCT', 'Scotland'),
(1293, 'KY1', 'Fife', 'SCT', 'Scotland'),
(1294, 'KY10', 'Fife', 'SCT', 'Scotland'),
(1295, 'KY11', 'Fife', 'SCT', 'Scotland'),
(1296, 'KY12', 'Fife', 'SCT', 'Scotland'),
(1297, 'KY13', 'Perth and Kinross', 'SCT', 'Scotland'),
(1298, 'KY14', 'Fife', 'SCT', 'Scotland'),
(1299, 'KY15', 'Fife', 'SCT', 'Scotland'),
(1300, 'KY16', 'Fife', 'SCT', 'Scotland'),
(1301, 'KY2', 'Fife', 'SCT', 'Scotland'),
(1302, 'KY3', 'Fife', 'SCT', 'Scotland'),
(1303, 'KY4', 'Fife', 'SCT', 'Scotland'),
(1304, 'KY5', 'Fife', 'SCT', 'Scotland'),
(1305, 'KY6', 'Fife', 'SCT', 'Scotland'),
(1306, 'KY7', 'Fife', 'SCT', 'Scotland'),
(1307, 'KY8', 'Fife', 'SCT', 'Scotland'),
(1308, 'KY9', 'Fife', 'SCT', 'Scotland'),
(1309, 'L1', 'Liverpool', 'ENG', 'England'),
(1310, 'L10', 'Sefton', 'ENG', 'England'),
(1311, 'L11', 'Liverpool', 'ENG', 'England'),
(1312, 'L12', 'Liverpool', 'ENG', 'England'),
(1313, 'L13', 'Liverpool', 'ENG', 'England'),
(1314, 'L14', 'Liverpool', 'ENG', 'England'),
(1315, 'L15', 'Liverpool', 'ENG', 'England'),
(1316, 'L16', 'Liverpool', 'ENG', 'England'),
(1317, 'L17', 'Liverpool', 'ENG', 'England'),
(1318, 'L18', 'Liverpool', 'ENG', 'England'),
(1319, 'L19', 'Liverpool', 'ENG', 'England'),
(1320, 'L2', 'Liverpool', 'ENG', 'England'),
(1321, 'L20', 'Sefton', 'ENG', 'England'),
(1322, 'L21', 'Sefton', 'ENG', 'England'),
(1323, 'L22', 'Sefton', 'ENG', 'England'),
(1324, 'L23', 'Liverpool', 'ENG', 'England'),
(1325, 'L24', 'Liverpool', 'ENG', 'England'),
(1326, 'L25', 'Liverpool', 'ENG', 'England'),
(1327, 'L26', 'Knowsley', 'ENG', 'England'),
(1328, 'L27', 'Liverpool', 'ENG', 'England'),
(1329, 'L28', 'Knowsley', 'ENG', 'England'),
(1330, 'L29', 'Sefton', 'ENG', 'England'),
(1331, 'L3', 'Liverpool', 'ENG', 'England'),
(1332, 'L30', 'Sefton', 'ENG', 'England'),
(1333, 'L31', 'Sefton', 'ENG', 'England'),
(1334, 'L32', 'Knowsley', 'ENG', 'England'),
(1335, 'L33', 'Knowsley', 'ENG', 'England'),
(1336, 'L34', 'Knowsley', 'ENG', 'England'),
(1337, 'L35', 'St Helens', 'ENG', 'England'),
(1338, 'L36', 'Knowsley', 'ENG', 'England'),
(1339, 'L37', 'Sefton', 'ENG', 'England'),
(1340, 'L38', 'Sefton', 'ENG', 'England'),
(1341, 'L39', 'Lancashire', 'ENG', 'England'),
(1342, 'L4', 'Liverpool', 'ENG', 'England'),
(1343, 'L40', 'Lancashire', 'ENG', 'England'),
(1344, 'L5', 'Liverpool', 'ENG', 'England'),
(1345, 'L6', 'Liverpool', 'ENG', 'England'),
(1346, 'L69', 'Liverpool', 'ENG', 'England'),
(1347, 'L7', 'Liverpool', 'ENG', 'England'),
(1348, 'L70', 'Liverpool', 'ENG', 'England'),
(1349, 'L8', 'Liverpool', 'ENG', 'England'),
(1350, 'L9', 'Liverpool', 'ENG', 'England'),
(1351, 'LA1', 'Lancashire', 'ENG', 'England'),
(1352, 'LA10', 'Cumbria', 'ENG', 'England'),
(1353, 'LA11', 'Cumbria', 'ENG', 'England'),
(1354, 'LA12', 'Cumbria', 'ENG', 'England'),
(1355, 'LA13', 'Cumbria', 'ENG', 'England'),
(1356, 'LA14', 'Cumbria', 'ENG', 'England'),
(1357, 'LA15', 'Cumbria', 'ENG', 'England'),
(1358, 'LA16', 'Cumbria', 'ENG', 'England'),
(1359, 'LA17', 'Cumbria', 'ENG', 'England'),
(1360, 'LA18', 'Cumbria', 'ENG', 'England'),
(1361, 'LA19', 'Cumbria', 'ENG', 'England'),
(1362, 'LA2', 'Lancashire', 'ENG', 'England'),
(1363, 'LA20', 'Cumbria', 'ENG', 'England'),
(1364, 'LA21', 'Cumbria', 'ENG', 'England'),
(1365, 'LA22', 'Cumbria', 'ENG', 'England'),
(1366, 'LA23', 'Cumbria', 'ENG', 'England'),
(1367, 'LA3', 'Lancashire', 'ENG', 'England'),
(1368, 'LA4', 'Lancashire', 'ENG', 'England'),
(1369, 'LA5', 'Lancashire', 'ENG', 'England'),
(1370, 'LA6', 'Lancashire', 'ENG', 'England'),
(1371, 'LA7', 'Cumbria', 'ENG', 'England'),
(1372, 'LA8', 'Cumbria', 'ENG', 'England'),
(1373, 'LA9', 'Cumbria', 'ENG', 'England'),
(1374, 'LD1', 'Powys', 'WLS', 'Wales'),
(1375, 'LD2', 'Powys', 'WLS', 'Wales'),
(1376, 'LD3', 'Powys', 'WLS', 'Wales'),
(1377, 'LD4', 'Powys', 'WLS', 'Wales'),
(1378, 'LD5', 'Powys', 'WLS', 'Wales'),
(1379, 'LD6', 'Powys', 'WLS', 'Wales'),
(1380, 'LD7', 'Powys', 'WLS', 'Wales'),
(1381, 'LD8', 'Powys', 'WLS', 'Wales'),
(1382, 'LE1', 'Leicester', 'ENG', 'England'),
(1383, 'LE10', 'Leicestershire', 'ENG', 'England'),
(1384, 'LE11', 'Leicestershire', 'ENG', 'England'),
(1385, 'LE12', 'Leicestershire', 'ENG', 'England'),
(1386, 'LE13', 'Leicestershire', 'ENG', 'England'),
(1387, 'LE14', 'Leicestershire', 'ENG', 'England'),
(1388, 'LE15', 'Rutland', 'ENG', 'England'),
(1389, 'LE16', 'Northamptonshire', 'ENG', 'England'),
(1390, 'LE17', 'Leicestershire', 'ENG', 'England'),
(1391, 'LE18', 'Leicestershire', 'ENG', 'England'),
(1392, 'LE2', 'Leicester', 'ENG', 'England'),
(1393, 'LE3', 'Leicester', 'ENG', 'England'),
(1394, 'LE4', 'Leicester', 'ENG', 'England'),
(1395, 'LE5', 'Leicester', 'ENG', 'England'),
(1396, 'LE6', 'Leicestershire', 'ENG', 'England'),
(1397, 'LE65', 'Leicestershire', 'ENG', 'England'),
(1398, 'LE67', 'Leicestershire', 'ENG', 'England'),
(1399, 'LE7', 'Leicestershire', 'ENG', 'England'),
(1400, 'LE8', 'Leicestershire', 'ENG', 'England'),
(1401, 'LE9', 'Leicestershire', 'ENG', 'England'),
(1402, 'LL11', 'Wrexham', 'WLS', 'Wales'),
(1403, 'LL12', 'Wrexham', 'WLS', 'Wales'),
(1404, 'LL13', 'Wrexham', 'WLS', 'Wales'),
(1405, 'LL14', 'Wrexham', 'WLS', 'Wales'),
(1406, 'LL15', 'Denbighshire', 'WLS', 'Wales'),
(1407, 'LL16', 'Denbighshire', 'WLS', 'Wales'),
(1408, 'LL17', 'Denbighshire', 'WLS', 'Wales'),
(1409, 'LL18', 'Denbighshire', 'WLS', 'Wales'),
(1410, 'LL19', 'Denbighshire', 'WLS', 'Wales'),
(1411, 'LL20', 'Denbighshire', 'WLS', 'Wales'),
(1412, 'LL21', 'Denbighshire', 'WLS', 'Wales'),
(1413, 'LL22', 'Conwy', 'WLS', 'Wales'),
(1414, 'LL23', 'Gwynedd', 'WLS', 'Wales'),
(1415, 'LL24', 'Conwy', 'WLS', 'Wales'),
(1416, 'LL25', 'Conwy', 'WLS', 'Wales'),
(1417, 'LL26', 'Conwy', 'WLS', 'Wales'),
(1418, 'LL27', 'Conwy', 'WLS', 'Wales'),
(1419, 'LL28', 'Conwy', 'WLS', 'Wales'),
(1420, 'LL29', 'Conwy', 'WLS', 'Wales'),
(1421, 'LL30', 'Conwy', 'WLS', 'Wales'),
(1422, 'LL31', 'Conwy', 'WLS', 'Wales'),
(1423, 'LL32', 'Conwy', 'WLS', 'Wales'),
(1424, 'LL33', 'Conwy', 'WLS', 'Wales'),
(1425, 'LL34', 'Conwy', 'WLS', 'Wales'),
(1426, 'LL35', 'Gwynedd', 'WLS', 'Wales'),
(1427, 'LL36', 'Gwynedd', 'WLS', 'Wales'),
(1428, 'LL37', 'Gwynedd', 'WLS', 'Wales'),
(1429, 'LL38', 'Gwynedd', 'WLS', 'Wales'),
(1430, 'LL39', 'Gwynedd', 'WLS', 'Wales'),
(1431, 'LL40', 'Gwynedd', 'WLS', 'Wales'),
(1432, 'LL41', 'Gwynedd', 'WLS', 'Wales'),
(1433, 'LL42', 'Gwynedd', 'WLS', 'Wales'),
(1434, 'LL43', 'Gwynedd', 'WLS', 'Wales'),
(1435, 'LL44', 'Gwynedd', 'WLS', 'Wales'),
(1436, 'LL45', 'Gwynedd', 'WLS', 'Wales'),
(1437, 'LL46', 'Gwynedd', 'WLS', 'Wales'),
(1438, 'LL47', 'Gwynedd', 'WLS', 'Wales'),
(1439, 'LL48', 'Gwynedd', 'WLS', 'Wales'),
(1440, 'LL49', 'Gwynedd', 'WLS', 'Wales'),
(1441, 'LL51', 'Gwynedd', 'WLS', 'Wales'),
(1442, 'LL52', 'Gwynedd', 'WLS', 'Wales'),
(1443, 'LL53', 'Gwynedd', 'WLS', 'Wales'),
(1444, 'LL54', 'Gwynedd', 'WLS', 'Wales'),
(1445, 'LL55', 'Gwynedd', 'WLS', 'Wales'),
(1446, 'LL56', 'Gwynedd', 'WLS', 'Wales'),
(1447, 'LL57', 'Gwynedd', 'WLS', 'Wales'),
(1448, 'LL58', 'Isle of Anglesey', 'WLS', 'Wales'),
(1449, 'LL59', 'Isle of Anglesey', 'WLS', 'Wales'),
(1450, 'LL60', 'Isle of Anglesey', 'WLS', 'Wales'),
(1451, 'LL61', 'Isle of Anglesey', 'WLS', 'Wales'),
(1452, 'LL62', 'Isle of Anglesey', 'WLS', 'Wales'),
(1453, 'LL63', 'Isle of Anglesey', 'WLS', 'Wales'),
(1454, 'LL64', 'Isle of Anglesey', 'WLS', 'Wales'),
(1455, 'LL65', 'Isle of Anglesey', 'WLS', 'Wales'),
(1456, 'LL66', 'Isle of Anglesey', 'WLS', 'Wales'),
(1457, 'LL67', 'Isle of Anglesey', 'WLS', 'Wales'),
(1458, 'LL68', 'Isle of Anglesey', 'WLS', 'Wales'),
(1459, 'LL69', 'Isle of Anglesey', 'WLS', 'Wales'),
(1460, 'LL70', 'Isle of Anglesey', 'WLS', 'Wales'),
(1461, 'LL71', 'Isle of Anglesey', 'WLS', 'Wales'),
(1462, 'LL72', 'Isle of Anglesey', 'WLS', 'Wales'),
(1463, 'LL73', 'Isle of Anglesey', 'WLS', 'Wales'),
(1464, 'LL74', 'Isle of Anglesey', 'WLS', 'Wales'),
(1465, 'LL75', 'Isle of Anglesey', 'WLS', 'Wales'),
(1466, 'LL76', 'Isle of Anglesey', 'WLS', 'Wales'),
(1467, 'LL77', 'Isle of Anglesey', 'WLS', 'Wales'),
(1468, 'LL78', 'Isle of Anglesey', 'WLS', 'Wales'),
(1469, 'LN1', 'Lincolnshire', 'ENG', 'England'),
(1470, 'LN10', 'Lincolnshire', 'ENG', 'England'),
(1471, 'LN11', 'Lincolnshire', 'ENG', 'England'),
(1472, 'LN12', 'Lincolnshire', 'ENG', 'England'),
(1473, 'LN13', 'Lincolnshire', 'ENG', 'England'),
(1474, 'LN2', 'Lincolnshire', 'ENG', 'England'),
(1475, 'LN3', 'Lincolnshire', 'ENG', 'England'),
(1476, 'LN4', 'Lincolnshire', 'ENG', 'England'),
(1477, 'LN5', 'Lincolnshire', 'ENG', 'England'),
(1478, 'LN6', 'Lincolnshire', 'ENG', 'England'),
(1479, 'LN7', 'Lincolnshire', 'ENG', 'England'),
(1480, 'LN8', 'Lincolnshire', 'ENG', 'England'),
(1481, 'LN9', 'Lincolnshire', 'ENG', 'England'),
(1482, 'LS1', 'Leeds', 'ENG', 'England'),
(1483, 'LS10', 'Leeds', 'ENG', 'England'),
(1484, 'LS11', 'Leeds', 'ENG', 'England'),
(1485, 'LS12', 'Leeds', 'ENG', 'England'),
(1486, 'LS13', 'Leeds', 'ENG', 'England'),
(1487, 'LS14', 'Leeds', 'ENG', 'England'),
(1488, 'LS15', 'Leeds', 'ENG', 'England'),
(1489, 'LS16', 'Leeds', 'ENG', 'England'),
(1490, 'LS17', 'Leeds', 'ENG', 'England'),
(1491, 'LS18', 'Leeds', 'ENG', 'England'),
(1492, 'LS19', 'Leeds', 'ENG', 'England'),
(1493, 'LS2', 'Leeds', 'ENG', 'England'),
(1494, 'LS20', 'Leeds', 'ENG', 'England'),
(1495, 'LS21', 'Leeds', 'ENG', 'England'),
(1496, 'LS22', 'Leeds', 'ENG', 'England'),
(1497, 'LS23', 'Leeds', 'ENG', 'England'),
(1498, 'LS24', 'North Yorkshire', 'ENG', 'England'),
(1499, 'LS25', 'Leeds', 'ENG', 'England'),
(1500, 'LS26', 'Leeds', 'ENG', 'England'),
(1501, 'LS27', 'Leeds', 'ENG', 'England'),
(1502, 'LS28', 'Leeds', 'ENG', 'England'),
(1503, 'LS29', 'Bradford', 'ENG', 'England'),
(1504, 'LS3', 'Leeds', 'ENG', 'England'),
(1505, 'LS4', 'Leeds', 'ENG', 'England'),
(1506, 'LS5', 'Leeds', 'ENG', 'England'),
(1507, 'LS6', 'Leeds', 'ENG', 'England'),
(1508, 'LS7', 'Leeds', 'ENG', 'England'),
(1509, 'LS8', 'Leeds', 'ENG', 'England'),
(1510, 'LS9', 'Leeds', 'ENG', 'England'),
(1511, 'LU1', 'Luton', 'ENG', 'England'),
(1512, 'LU2', 'Luton', 'ENG', 'England'),
(1513, 'LU3', 'Luton', 'ENG', 'England'),
(1514, 'LU4', 'Luton', 'ENG', 'England'),
(1515, 'LU5', 'Central Bedfordshire', 'ENG', 'England'),
(1516, 'LU6', 'Central Bedfordshire', 'ENG', 'England'),
(1517, 'LU7', 'Central Bedfordshire', 'ENG', 'England'),
(1518, 'M1', 'Greater Manchester', 'ENG', 'England'),
(1519, 'M11', 'Greater Manchester', 'ENG', 'England'),
(1520, 'M12', 'Greater Manchester', 'ENG', 'England'),
(1521, 'M13', 'Greater Manchester', 'ENG', 'England'),
(1522, 'M14', 'Greater Manchester', 'ENG', 'England'),
(1523, 'M15', 'Greater Manchester', 'ENG', 'England'),
(1524, 'M16', 'Greater Manchester', 'ENG', 'England'),
(1525, 'M17', 'Trafford', 'ENG', 'England'),
(1526, 'M18', 'Greater Manchester', 'ENG', 'England'),
(1527, 'M19', 'Greater Manchester', 'ENG', 'England'),
(1528, 'M2', 'Greater Manchester', 'ENG', 'England'),
(1529, 'M20', 'Greater Manchester', 'ENG', 'England'),
(1530, 'M21', 'Greater Manchester', 'ENG', 'England'),
(1531, 'M22', 'Greater Manchester', 'ENG', 'England'),
(1532, 'M23', 'Greater Manchester', 'ENG', 'England'),
(1533, 'M24', 'Rochdale', 'ENG', 'England'),
(1534, 'M25', 'Bury', 'ENG', 'England'),
(1535, 'M26', 'Bury', 'ENG', 'England'),
(1536, 'M27', 'Salford', 'ENG', 'England'),
(1537, 'M28', 'Salford', 'ENG', 'England'),
(1538, 'M29', 'Wigan', 'ENG', 'England'),
(1539, 'M3', 'Salford', 'ENG', 'England'),
(1540, 'M30', 'Salford', 'ENG', 'England'),
(1541, 'M31', 'Trafford', 'ENG', 'England'),
(1542, 'M32', 'Trafford', 'ENG', 'England'),
(1543, 'M33', 'Trafford', 'ENG', 'England'),
(1544, 'M34', 'Tameside', 'ENG', 'England'),
(1545, 'M35', 'Oldham', 'ENG', 'England'),
(1546, 'M38', 'Salford', 'ENG', 'England'),
(1547, 'M4', 'Greater Manchester', 'ENG', 'England'),
(1548, 'M40', 'Greater Manchester', 'ENG', 'England'),
(1549, 'M41', 'Trafford', 'ENG', 'England'),
(1550, 'M43', 'Tameside', 'ENG', 'England'),
(1551, 'M44', 'Salford', 'ENG', 'England'),
(1552, 'M45', 'Bury', 'ENG', 'England'),
(1553, 'M46', 'Wigan', 'ENG', 'England'),
(1554, 'M5', 'Salford', 'ENG', 'England'),
(1555, 'M6', 'Salford', 'ENG', 'England'),
(1556, 'M60', 'Greater Manchester', 'ENG', 'England'),
(1557, 'M7', 'Salford', 'ENG', 'England'),
(1558, 'M8', 'Greater Manchester', 'ENG', 'England'),
(1559, 'M9', 'Greater Manchester', 'ENG', 'England'),
(1560, 'M90', 'Greater Manchester', 'ENG', 'England'),
(1561, 'ME1', 'Medway', 'ENG', 'England'),
(1562, 'ME10', 'Kent', 'ENG', 'England'),
(1563, 'ME11', 'Kent', 'ENG', 'England'),
(1564, 'ME12', 'Kent', 'ENG', 'England'),
(1565, 'ME13', 'Kent', 'ENG', 'England'),
(1566, 'ME14', 'Kent', 'ENG', 'England'),
(1567, 'ME15', 'Kent', 'ENG', 'England'),
(1568, 'ME16', 'Kent', 'ENG', 'England'),
(1569, 'ME17', 'Kent', 'ENG', 'England'),
(1570, 'ME18', 'Kent', 'ENG', 'England'),
(1571, 'ME19', 'Kent', 'ENG', 'England'),
(1572, 'ME2', 'Medway', 'ENG', 'England'),
(1573, 'ME20', 'Kent', 'ENG', 'England'),
(1574, 'ME3', 'Medway', 'ENG', 'England'),
(1575, 'ME4', 'Medway', 'ENG', 'England'),
(1576, 'ME5', 'Medway', 'ENG', 'England'),
(1577, 'ME6', 'Kent', 'ENG', 'England'),
(1578, 'ME7', 'Medway', 'ENG', 'England'),
(1579, 'ME8', 'Medway', 'ENG', 'England'),
(1580, 'ME9', 'Kent', 'ENG', 'England'),
(1581, 'MK1', 'Milton Keynes', 'ENG', 'England'),
(1582, 'MK10', 'Milton Keynes', 'ENG', 'England'),
(1583, 'MK11', 'Milton Keynes', 'ENG', 'England'),
(1584, 'MK12', 'Milton Keynes', 'ENG', 'England'),
(1585, 'MK13', 'Milton Keynes', 'ENG', 'England'),
(1586, 'MK14', 'Milton Keynes', 'ENG', 'England'),
(1587, 'MK15', 'Milton Keynes', 'ENG', 'England'),
(1588, 'MK16', 'Milton Keynes', 'ENG', 'England'),
(1589, 'MK17', 'Milton Keynes', 'ENG', 'England'),
(1590, 'MK18', 'Buckingham', 'ENG', 'England'),
(1591, 'MK19', 'Northamptonshire', 'ENG', 'England'),
(1592, 'MK2', 'Milton Keynes', 'ENG', 'England'),
(1593, 'MK3', 'Milton Keynes', 'ENG', 'England'),
(1594, 'MK4', 'Milton Keynes', 'ENG', 'England'),
(1595, 'MK40', 'Bedford Borough', 'ENG', 'England'),
(1596, 'MK41', 'Bedford Borough', 'ENG', 'England'),
(1597, 'MK42', 'Bedford Borough', 'ENG', 'England'),
(1598, 'MK43', 'Bedford Borough', 'ENG', 'England'),
(1599, 'MK44', 'Bedford Borough', 'ENG', 'England'),
(1600, 'MK45', 'Central Bedfordshire', 'ENG', 'England'),
(1601, 'MK46', 'Milton Keynes', 'ENG', 'England'),
(1602, 'MK5', 'Milton Keynes', 'ENG', 'England'),
(1603, 'MK6', 'Milton Keynes', 'ENG', 'England'),
(1604, 'MK7', 'Milton Keynes', 'ENG', 'England'),
(1605, 'MK8', 'Milton Keynes', 'ENG', 'England'),
(1606, 'MK9', 'Milton Keynes', 'ENG', 'England'),
(1607, 'ML1', 'North Lanarkshire', 'SCT', 'Scotland'),
(1608, 'ML10', 'South Lanarkshire', 'SCT', 'Scotland'),
(1609, 'ML11', 'South Lanarkshire', 'SCT', 'Scotland'),
(1610, 'ML12', 'South Lanarkshire', 'SCT', 'Scotland'),
(1611, 'ML2', 'North Lanarkshire', 'SCT', 'Scotland'),
(1612, 'ML3', 'South Lanarkshire', 'SCT', 'Scotland'),
(1613, 'ML4', 'North Lanarkshire', 'SCT', 'Scotland'),
(1614, 'ML5', 'North Lanarkshire', 'SCT', 'Scotland'),
(1615, 'ML6', 'North Lanarkshire', 'SCT', 'Scotland'),
(1616, 'ML7', 'North Lanarkshire', 'SCT', 'Scotland'),
(1617, 'ML8', 'South Lanarkshire', 'SCT', 'Scotland'),
(1618, 'ML9', 'South Lanarkshire', 'SCT', 'Scotland'),
(1619, 'N1', 'Greater London', 'ENG', 'England'),
(1620, 'N10', 'Greater London', 'ENG', 'England'),
(1621, 'N11', 'Greater London', 'ENG', 'England'),
(1622, 'N12', 'Greater London', 'ENG', 'England'),
(1623, 'N13', 'Greater London', 'ENG', 'England'),
(1624, 'N14', 'Greater London', 'ENG', 'England'),
(1625, 'N15', 'Greater London', 'ENG', 'England'),
(1626, 'N16', 'Greater London', 'ENG', 'England'),
(1627, 'N17', 'Greater London', 'ENG', 'England'),
(1628, 'N18', 'Greater London', 'ENG', 'England'),
(1629, 'N19', 'Greater London', 'ENG', 'England'),
(1630, 'N2', 'Greater London', 'ENG', 'England'),
(1631, 'N20', 'Greater London', 'ENG', 'England'),
(1632, 'N21', 'Greater London', 'ENG', 'England'),
(1633, 'N22', 'Greater London', 'ENG', 'England'),
(1634, 'N3', 'Greater London', 'ENG', 'England'),
(1635, 'N4', 'Greater London', 'ENG', 'England'),
(1636, 'N5', 'Greater London', 'ENG', 'England'),
(1637, 'N6', 'Greater London', 'ENG', 'England'),
(1638, 'N7', 'Greater London', 'ENG', 'England'),
(1639, 'N8', 'Greater London', 'ENG', 'England'),
(1640, 'N9', 'Greater London', 'ENG', 'England'),
(1641, 'NE1', 'Newcastle Upon Tyne', 'ENG', 'England'),
(1642, 'NE10', 'Gateshead', 'ENG', 'England'),
(1643, 'NE11', 'Gateshead', 'ENG', 'England'),
(1644, 'NE12', 'North Tyneside', 'ENG', 'England'),
(1645, 'NE13', 'Newcastle Upon Tyne', 'ENG', 'England'),
(1646, 'NE15', 'Newcastle Upon Tyne', 'ENG', 'England'),
(1647, 'NE16', 'Gateshead', 'ENG', 'England'),
(1648, 'NE17', 'Gateshead', 'ENG', 'England'),
(1649, 'NE18', 'Northumberland', 'ENG', 'England'),
(1650, 'NE19', 'Northumberland', 'ENG', 'England'),
(1651, 'NE2', 'Newcastle Upon Tyne', 'ENG', 'England'),
(1652, 'NE20', 'Northumberland', 'ENG', 'England'),
(1653, 'NE21', 'Gateshead', 'ENG', 'England'),
(1654, 'NE22', 'Northumberland', 'ENG', 'England'),
(1655, 'NE23', 'Northumberland', 'ENG', 'England'),
(1656, 'NE24', 'Northumberland', 'ENG', 'England'),
(1657, 'NE25', 'North Tyneside', 'ENG', 'England'),
(1658, 'NE26', 'North Tyneside', 'ENG', 'England'),
(1659, 'NE27', 'North Tyneside', 'ENG', 'England'),
(1660, 'NE28', 'North Tyneside', 'ENG', 'England'),
(1661, 'NE29', 'North Tyneside', 'ENG', 'England'),
(1662, 'NE3', 'Newcastle Upon Tyne', 'ENG', 'England'),
(1663, 'NE30', 'North Tyneside', 'ENG', 'England'),
(1664, 'NE31', 'South Tyneside', 'ENG', 'England'),
(1665, 'NE32', 'South Tyneside', 'ENG', 'England'),
(1666, 'NE33', 'South Tyneside', 'ENG', 'England'),
(1667, 'NE34', 'South Tyneside', 'ENG', 'England'),
(1668, 'NE35', 'South Tyneside', 'ENG', 'England'),
(1669, 'NE36', 'South Tyneside', 'ENG', 'England'),
(1670, 'NE37', 'Sunderland', 'ENG', 'England'),
(1671, 'NE38', 'Sunderland', 'ENG', 'England'),
(1672, 'NE39', 'Gateshead', 'ENG', 'England'),
(1673, 'NE4', 'Newcastle Upon Tyne', 'ENG', 'England'),
(1674, 'NE40', 'Gateshead', 'ENG', 'England'),
(1675, 'NE41', 'Northumberland', 'ENG', 'England'),
(1676, 'NE42', 'Northumberland', 'ENG', 'England'),
(1677, 'NE43', 'Northumberland', 'ENG', 'England'),
(1678, 'NE44', 'Northumberland', 'ENG', 'England'),
(1679, 'NE45', 'Northumberland', 'ENG', 'England'),
(1680, 'NE46', 'Northumberland', 'ENG', 'England'),
(1681, 'NE47', 'Northumberland', 'ENG', 'England'),
(1682, 'NE48', 'Northumberland', 'ENG', 'England'),
(1683, 'NE49', 'Northumberland', 'ENG', 'England'),
(1684, 'NE5', 'Newcastle Upon Tyne', 'ENG', 'England'),
(1685, 'NE6', 'Newcastle Upon Tyne', 'ENG', 'England'),
(1686, 'NE61', 'Northumberland', 'ENG', 'England'),
(1687, 'NE62', 'Northumberland', 'ENG', 'England'),
(1688, 'NE63', 'Northumberland', 'ENG', 'England'),
(1689, 'NE64', 'Northumberland', 'ENG', 'England'),
(1690, 'NE65', 'Northumberland', 'ENG', 'England'),
(1691, 'NE66', 'Northumberland', 'ENG', 'England'),
(1692, 'NE67', 'Northumberland', 'ENG', 'England'),
(1693, 'NE68', 'Northumberland', 'ENG', 'England'),
(1694, 'NE69', 'Northumberland', 'ENG', 'England'),
(1695, 'NE7', 'Newcastle Upon Tyne', 'ENG', 'England'),
(1696, 'NE70', 'Northumberland', 'ENG', 'England'),
(1697, 'NE71', 'Northumberland', 'ENG', 'England'),
(1698, 'NE8', 'Gateshead', 'ENG', 'England'),
(1699, 'NE9', 'Gateshead', 'ENG', 'England'),
(1700, 'NE99', 'Newcastle Upon Tyne', 'ENG', 'England'),
(1701, 'NG1', 'Nottingham', 'ENG', 'England'),
(1702, 'NG10', 'Derbyshire', 'ENG', 'England'),
(1703, 'NG11', 'Nottingham', 'ENG', 'England'),
(1704, 'NG12', 'Nottinghamshire', 'ENG', 'England'),
(1705, 'NG13', 'Nottinghamshire', 'ENG', 'England'),
(1706, 'NG14', 'Nottinghamshire', 'ENG', 'England'),
(1707, 'NG15', 'Nottinghamshire', 'ENG', 'England'),
(1708, 'NG16', 'Nottinghamshire', 'ENG', 'England'),
(1709, 'NG17', 'Nottinghamshire', 'ENG', 'England'),
(1710, 'NG18', 'Nottinghamshire', 'ENG', 'England'),
(1711, 'NG19', 'Nottinghamshire', 'ENG', 'England'),
(1712, 'NG2', 'Nottinghamshire', 'ENG', 'England'),
(1713, 'NG20', 'Nottinghamshire', 'ENG', 'England'),
(1714, 'NG21', 'Nottinghamshire', 'ENG', 'England'),
(1715, 'NG22', 'Nottinghamshire', 'ENG', 'England'),
(1716, 'NG23', 'Nottinghamshire', 'ENG', 'England'),
(1717, 'NG24', 'Nottinghamshire', 'ENG', 'England'),
(1718, 'NG25', 'Nottinghamshire', 'ENG', 'England'),
(1719, 'NG3', 'Nottingham', 'ENG', 'England'),
(1720, 'NG31', 'Lincolnshire', 'ENG', 'England'),
(1721, 'NG32', 'Lincolnshire', 'ENG', 'England'),
(1722, 'NG33', 'Lincolnshire', 'ENG', 'England'),
(1723, 'NG34', 'Lincolnshire', 'ENG', 'England'),
(1724, 'NG4', 'Nottinghamshire', 'ENG', 'England'),
(1725, 'NG5', 'Nottingham', 'ENG', 'England'),
(1726, 'NG6', 'Nottingham', 'ENG', 'England'),
(1727, 'NG7', 'Nottingham', 'ENG', 'England'),
(1728, 'NG8', 'Nottingham', 'ENG', 'England'),
(1729, 'NG9', 'Nottinghamshire', 'ENG', 'England'),
(1730, 'NN1', 'Northamptonshire', 'ENG', 'England'),
(1731, 'NN10', 'Northamptonshire', 'ENG', 'England'),
(1732, 'NN11', 'Northamptonshire', 'ENG', 'England'),
(1733, 'NN12', 'Northamptonshire', 'ENG', 'England'),
(1734, 'NN13', 'Northamptonshire', 'ENG', 'England'),
(1735, 'NN14', 'Northamptonshire', 'ENG', 'England'),
(1736, 'NN15', 'Northamptonshire', 'ENG', 'England'),
(1737, 'NN16', 'Northamptonshire', 'ENG', 'England'),
(1738, 'NN17', 'Northamptonshire', 'ENG', 'England'),
(1739, 'NN18', 'Northamptonshire', 'ENG', 'England'),
(1740, 'NN2', 'Northamptonshire', 'ENG', 'England'),
(1741, 'NN29', 'Northamptonshire', 'ENG', 'England'),
(1742, 'NN3', 'Northamptonshire', 'ENG', 'England'),
(1743, 'NN4', 'Northamptonshire', 'ENG', 'England'),
(1744, 'NN5', 'Northamptonshire', 'ENG', 'England'),
(1745, 'NN6', 'Northamptonshire', 'ENG', 'England'),
(1746, 'NN7', 'Northamptonshire', 'ENG', 'England'),
(1747, 'NN8', 'Northamptonshire', 'ENG', 'England'),
(1748, 'NN9', 'Northamptonshire', 'ENG', 'England'),
(1749, 'NP10', 'Newport', 'WLS', 'Wales'),
(1750, 'NP11', 'Caerphilly', 'WLS', 'Wales'),
(1751, 'NP12', 'Caerphilly', 'WLS', 'Wales'),
(1752, 'NP13', 'Blaenau Gwent', 'WLS', 'Wales'),
(1753, 'NP15', 'Monmouthshire', 'WLS', 'Wales'),
(1754, 'NP16', 'Monmouthshire', 'WLS', 'Wales'),
(1755, 'NP18', 'Newport', 'WLS', 'Wales'),
(1756, 'NP19', 'Newport', 'WLS', 'Wales'),
(1757, 'NP20', 'Newport', 'WLS', 'Wales'),
(1758, 'NP22', 'Blaenau Gwent', 'WLS', 'Wales'),
(1759, 'NP23', 'Blaenau Gwent', 'WLS', 'Wales'),
(1760, 'NP24', 'Caerphilly', 'WLS', 'Wales'),
(1761, 'NP25', 'Monmouthshire', 'WLS', 'Wales'),
(1762, 'NP26', 'Monmouthshire', 'WLS', 'Wales'),
(1763, 'NP4', 'Torfaen', 'WLS', 'Wales'),
(1764, 'NP44', 'Torfaen', 'WLS', 'Wales'),
(1765, 'NP7', 'Monmouthshire', 'WLS', 'Wales'),
(1766, 'NP8', 'Powys', 'WLS', 'Wales'),
(1767, 'NR1', 'Norfolk', 'ENG', 'England'),
(1768, 'NR10', 'Norfolk', 'ENG', 'England'),
(1769, 'NR11', 'Norfolk', 'ENG', 'England'),
(1770, 'NR12', 'Norfolk', 'ENG', 'England'),
(1771, 'NR13', 'Norfolk', 'ENG', 'England'),
(1772, 'NR14', 'Norfolk', 'ENG', 'England'),
(1773, 'NR15', 'Norfolk', 'ENG', 'England'),
(1774, 'NR16', 'Norfolk', 'ENG', 'England'),
(1775, 'NR17', 'Norfolk', 'ENG', 'England'),
(1776, 'NR18', 'Norfolk', 'ENG', 'England'),
(1777, 'NR19', 'Norfolk', 'ENG', 'England'),
(1778, 'NR2', 'Norfolk', 'ENG', 'England'),
(1779, 'NR20', 'Norfolk', 'ENG', 'England'),
(1780, 'NR21', 'Norfolk', 'ENG', 'England'),
(1781, 'NR22', 'Norfolk', 'ENG', 'England'),
(1782, 'NR23', 'Norfolk', 'ENG', 'England'),
(1783, 'NR24', 'Norfolk', 'ENG', 'England'),
(1784, 'NR25', 'Norfolk', 'ENG', 'England'),
(1785, 'NR26', 'Norfolk', 'ENG', 'England'),
(1786, 'NR27', 'Norfolk', 'ENG', 'England'),
(1787, 'NR28', 'Norfolk', 'ENG', 'England'),
(1788, 'NR29', 'Norfolk', 'ENG', 'England'),
(1789, 'NR3', 'Norfolk', 'ENG', 'England'),
(1790, 'NR30', 'Norfolk', 'ENG', 'England'),
(1791, 'NR31', 'Norfolk', 'ENG', 'England'),
(1792, 'NR32', 'Suffolk', 'ENG', 'England'),
(1793, 'NR33', 'Suffolk', 'ENG', 'England'),
(1794, 'NR34', 'Suffolk', 'ENG', 'England'),
(1795, 'NR35', 'Suffolk', 'ENG', 'England'),
(1796, 'NR4', 'Norfolk', 'ENG', 'England'),
(1797, 'NR5', 'Norfolk', 'ENG', 'England'),
(1798, 'NR6', 'Norfolk', 'ENG', 'England'),
(1799, 'NR8', 'Norfolk', 'ENG', 'England'),
(1800, 'NR9', 'Norfolk', 'ENG', 'England'),
(1801, 'NW1', 'Greater London', 'ENG', 'England'),
(1802, 'NW10', 'Greater London', 'ENG', 'England'),
(1803, 'NW11', 'Greater London', 'ENG', 'England'),
(1804, 'NW2', 'Greater London', 'ENG', 'England'),
(1805, 'NW3', 'Greater London', 'ENG', 'England'),
(1806, 'NW4', 'Greater London', 'ENG', 'England'),
(1807, 'NW5', 'Greater London', 'ENG', 'England'),
(1808, 'NW6', 'Greater London', 'ENG', 'England'),
(1809, 'NW7', 'Greater London', 'ENG', 'England'),
(1810, 'NW8', 'Greater London', 'ENG', 'England'),
(1811, 'NW9', 'Greater London', 'ENG', 'England'),
(1812, 'OL1', 'Oldham', 'ENG', 'England'),
(1813, 'OL10', 'Rochdale', 'ENG', 'England'),
(1814, 'OL11', 'Rochdale', 'ENG', 'England'),
(1815, 'OL12', 'Rochdale', 'ENG', 'England'),
(1816, 'OL13', 'Lancashire', 'ENG', 'England'),
(1817, 'OL14', 'Calderdale', 'ENG', 'England'),
(1818, 'OL15', 'Rochdale', 'ENG', 'England'),
(1819, 'OL16', 'Rochdale', 'ENG', 'England'),
(1820, 'OL2', 'Oldham', 'ENG', 'England'),
(1821, 'OL3', 'Oldham', 'ENG', 'England'),
(1822, 'OL4', 'Oldham', 'ENG', 'England'),
(1823, 'OL5', 'Tameside', 'ENG', 'England'),
(1824, 'OL6', 'Tameside', 'ENG', 'England'),
(1825, 'OL7', 'Tameside', 'ENG', 'England'),
(1826, 'OL8', 'Oldham', 'ENG', 'England'),
(1827, 'OL9', 'Oldham', 'ENG', 'England'),
(1828, 'OX1', 'Oxfordshire', 'ENG', 'England'),
(1829, 'OX10', 'Oxfordshire', 'ENG', 'England'),
(1830, 'OX11', 'Oxfordshire', 'ENG', 'England'),
(1831, 'OX12', 'Oxfordshire', 'ENG', 'England'),
(1832, 'OX13', 'Oxfordshire', 'ENG', 'England'),
(1833, 'OX14', 'Oxfordshire', 'ENG', 'England'),
(1834, 'OX15', 'Oxfordshire', 'ENG', 'England'),
(1835, 'OX16', 'Oxfordshire', 'ENG', 'England'),
(1836, 'OX17', 'Northamptonshire', 'ENG', 'England'),
(1837, 'OX18', 'Oxfordshire', 'ENG', 'England'),
(1838, 'OX2', 'Oxfordshire', 'ENG', 'England'),
(1839, 'OX20', 'Oxfordshire', 'ENG', 'England'),
(1840, 'OX25', 'Oxfordshire', 'ENG', 'England'),
(1841, 'OX26', 'Oxfordshire', 'ENG', 'England'),
(1842, 'OX27', 'Oxfordshire', 'ENG', 'England'),
(1843, 'OX28', 'Oxfordshire', 'ENG', 'England'),
(1844, 'OX29', 'Oxfordshire', 'ENG', 'England'),
(1845, 'OX3', 'Oxfordshire', 'ENG', 'England'),
(1846, 'OX33', 'Oxfordshire', 'ENG', 'England'),
(1847, 'OX39', 'Oxfordshire', 'ENG', 'England'),
(1848, 'OX4', 'Oxfordshire', 'ENG', 'England'),
(1849, 'OX44', 'Oxfordshire', 'ENG', 'England'),
(1850, 'OX49', 'Oxfordshire', 'ENG', 'England'),
(1851, 'OX5', 'Oxfordshire', 'ENG', 'England'),
(1852, 'OX6', 'Oxfordshire', 'ENG', 'England'),
(1853, 'OX7', 'Oxfordshire', 'ENG', 'England'),
(1854, 'OX8', 'Oxfordshire', 'ENG', 'England'),
(1855, 'OX9', 'Oxfordshire', 'ENG', 'England'),
(1856, 'PA1', 'Renfrewshire', 'SCT', 'Scotland'),
(1857, 'PA10', 'Renfrewshire', 'SCT', 'Scotland'),
(1858, 'PA11', 'Renfrewshire', 'SCT', 'Scotland'),
(1859, 'PA12', 'Renfrewshire', 'SCT', 'Scotland'),
(1860, 'PA13', 'Inverclyde', 'SCT', 'Scotland'),
(1861, 'PA14', 'Inverclyde', 'SCT', 'Scotland'),
(1862, 'PA15', 'Inverclyde', 'SCT', 'Scotland'),
(1863, 'PA16', 'Inverclyde', 'SCT', 'Scotland'),
(1864, 'PA17', 'North Ayrshire', 'SCT', 'Scotland'),
(1865, 'PA18', 'Inverclyde', 'SCT', 'Scotland'),
(1866, 'PA19', 'Inverclyde', 'SCT', 'Scotland'),
(1867, 'PA2', 'Renfrewshire', 'SCT', 'Scotland'),
(1868, 'PA20', 'Argyll and Bute', 'SCT', 'Scotland'),
(1869, 'PA21', 'Argyll and Bute', 'SCT', 'Scotland'),
(1870, 'PA22', 'Argyll and Bute', 'SCT', 'Scotland'),
(1871, 'PA23', 'Argyll and Bute', 'SCT', 'Scotland'),
(1872, 'PA24', 'Argyll and Bute', 'SCT', 'Scotland'),
(1873, 'PA25', 'Argyll and Bute', 'SCT', 'Scotland'),
(1874, 'PA26', 'Argyll and Bute', 'SCT', 'Scotland'),
(1875, 'PA27', 'Argyll and Bute', 'SCT', 'Scotland'),
(1876, 'PA28', 'Argyll and Bute', 'SCT', 'Scotland'),
(1877, 'PA29', 'Argyll and Bute', 'SCT', 'Scotland'),
(1878, 'PA3', 'Renfrewshire', 'SCT', 'Scotland'),
(1879, 'PA30', 'Argyll and Bute', 'SCT', 'Scotland'),
(1880, 'PA31', 'Argyll and Bute', 'SCT', 'Scotland'),
(1881, 'PA32', 'Argyll and Bute', 'SCT', 'Scotland'),
(1882, 'PA33', 'Argyll and Bute', 'SCT', 'Scotland'),
(1883, 'PA34', 'Argyll and Bute', 'SCT', 'Scotland'),
(1884, 'PA35', 'Argyll and Bute', 'SCT', 'Scotland'),
(1885, 'PA36', 'Argyll and Bute', 'SCT', 'Scotland'),
(1886, 'PA37', 'Argyll and Bute', 'SCT', 'Scotland'),
(1887, 'PA38', 'Argyll and Bute', 'SCT', 'Scotland'),
(1888, 'PA4', 'Renfrewshire', 'SCT', 'Scotland'),
(1889, 'PA41', 'Argyll and Bute', 'SCT', 'Scotland'),
(1890, 'PA42', 'Argyll and Bute', 'SCT', 'Scotland'),
(1891, 'PA43', 'Argyll and Bute', 'SCT', 'Scotland'),
(1892, 'PA44', 'Argyll and Bute', 'SCT', 'Scotland'),
(1893, 'PA45', 'Argyll and Bute', 'SCT', 'Scotland'),
(1894, 'PA46', 'Argyll and Bute', 'SCT', 'Scotland'),
(1895, 'PA47', 'Argyll and Bute', 'SCT', 'Scotland'),
(1896, 'PA48', 'Argyll and Bute', 'SCT', 'Scotland'),
(1897, 'PA49', 'Argyll and Bute', 'SCT', 'Scotland'),
(1898, 'PA5', 'Renfrewshire', 'SCT', 'Scotland'),
(1899, 'PA6', 'Renfrewshire', 'SCT', 'Scotland'),
(1900, 'PA60', 'Argyll and Bute', 'SCT', 'Scotland'),
(1901, 'PA61', 'Argyll and Bute', 'SCT', 'Scotland'),
(1902, 'PA62', 'Argyll and Bute', 'SCT', 'Scotland'),
(1903, 'PA63', 'Argyll and Bute', 'SCT', 'Scotland'),
(1904, 'PA64', 'Argyll and Bute', 'SCT', 'Scotland'),
(1905, 'PA65', 'Argyll and Bute', 'SCT', 'Scotland'),
(1906, 'PA66', 'Argyll and Bute', 'SCT', 'Scotland'),
(1907, 'PA67', 'Argyll and Bute', 'SCT', 'Scotland'),
(1908, 'PA68', 'Argyll and Bute', 'SCT', 'Scotland'),
(1909, 'PA69', 'Argyll and Bute', 'SCT', 'Scotland'),
(1910, 'PA7', 'Renfrewshire', 'SCT', 'Scotland'),
(1911, 'PA70', 'Argyll and Bute', 'SCT', 'Scotland'),
(1912, 'PA71', 'Argyll and Bute', 'SCT', 'Scotland'),
(1913, 'PA72', 'Argyll and Bute', 'SCT', 'Scotland'),
(1914, 'PA73', 'Argyll and Bute', 'SCT', 'Scotland'),
(1915, 'PA74', 'Argyll and Bute', 'SCT', 'Scotland'),
(1916, 'PA75', 'Argyll and Bute', 'SCT', 'Scotland'),
(1917, 'PA76', 'Argyll and Bute', 'SCT', 'Scotland'),
(1918, 'PA77', 'Argyll and Bute', 'SCT', 'Scotland'),
(1919, 'PA78', 'Argyll and Bute', 'SCT', 'Scotland'),
(1920, 'PA8', 'Renfrewshire', 'SCT', 'Scotland'),
(1921, 'PA9', 'Renfrewshire', 'SCT', 'Scotland'),
(1922, 'PE1', 'Peterborough', 'ENG', 'England'),
(1923, 'PE10', 'Lincolnshire', 'ENG', 'England'),
(1924, 'PE11', 'Lincolnshire', 'ENG', 'England'),
(1925, 'PE12', 'Lincolnshire', 'ENG', 'England'),
(1926, 'PE13', 'Cambridgeshire', 'ENG', 'England'),
(1927, 'PE14', 'Norfolk', 'ENG', 'England'),
(1928, 'PE15', 'Cambridgeshire', 'ENG', 'England'),
(1929, 'PE16', 'Cambridgeshire', 'ENG', 'England'),
(1930, 'PE19', 'Cambridgeshire', 'ENG', 'England'),
(1931, 'PE2', 'Peterborough', 'ENG', 'England'),
(1932, 'PE20', 'Lincolnshire', 'ENG', 'England'),
(1933, 'PE21', 'Lincolnshire', 'ENG', 'England'),
(1934, 'PE22', 'Lincolnshire', 'ENG', 'England'),
(1935, 'PE23', 'Lincolnshire', 'ENG', 'England'),
(1936, 'PE24', 'Lincolnshire', 'ENG', 'England'),
(1937, 'PE25', 'Lincolnshire', 'ENG', 'England'),
(1938, 'PE26', 'Cambridgeshire', 'ENG', 'England'),
(1939, 'PE27', 'Cambridgeshire', 'ENG', 'England'),
(1940, 'PE28', 'Cambridgeshire', 'ENG', 'England'),
(1941, 'PE29', 'Cambridgeshire', 'ENG', 'England'),
(1942, 'PE3', 'Peterborough', 'ENG', 'England'),
(1943, 'PE30', 'Norfolk', 'ENG', 'England'),
(1944, 'PE31', 'Norfolk', 'ENG', 'England'),
(1945, 'PE32', 'Norfolk', 'ENG', 'England'),
(1946, 'PE33', 'Norfolk', 'ENG', 'England'),
(1947, 'PE34', 'Norfolk', 'ENG', 'England'),
(1948, 'PE35', 'Norfolk', 'ENG', 'England'),
(1949, 'PE36', 'Norfolk', 'ENG', 'England'),
(1950, 'PE37', 'Norfolk', 'ENG', 'England'),
(1951, 'PE38', 'Norfolk', 'ENG', 'England'),
(1952, 'PE4', 'Peterborough', 'ENG', 'England'),
(1953, 'PE5', 'Peterborough', 'ENG', 'England'),
(1954, 'PE6', 'Lincolnshire', 'ENG', 'England'),
(1955, 'PE7', 'Cambridgeshire', 'ENG', 'England'),
(1956, 'PE8', 'Northamptonshire', 'ENG', 'England'),
(1957, 'PE9', 'Lincolnshire', 'ENG', 'England'),
(1958, 'PH1', 'Perth and Kinross', 'SCT', 'Scotland'),
(1959, 'PH10', 'Perth and Kinross', 'SCT', 'Scotland'),
(1960, 'PH11', 'Perth and Kinross', 'SCT', 'Scotland'),
(1961, 'PH12', 'Perth and Kinross', 'SCT', 'Scotland'),
(1962, 'PH13', 'Perth and Kinross', 'SCT', 'Scotland'),
(1963, 'PH14', 'Perth and Kinross', 'SCT', 'Scotland'),
(1964, 'PH15', 'Perth and Kinross', 'SCT', 'Scotland'),
(1965, 'PH16', 'Perth and Kinross', 'SCT', 'Scotland'),
(1966, 'PH17', 'Perth and Kinross', 'SCT', 'Scotland'),
(1967, 'PH18', 'Perth and Kinross', 'SCT', 'Scotland'),
(1968, 'PH19', 'Highland', 'SCT', 'Scotland'),
(1969, 'PH2', 'Perth and Kinross', 'SCT', 'Scotland'),
(1970, 'PH20', 'Highland', 'SCT', 'Scotland'),
(1971, 'PH21', 'Highland', 'SCT', 'Scotland'),
(1972, 'PH22', 'Highland', 'SCT', 'Scotland'),
(1973, 'PH23', 'Highland', 'SCT', 'Scotland'),
(1974, 'PH24', 'Highland', 'SCT', 'Scotland'),
(1975, 'PH25', 'Highland', 'SCT', 'Scotland'),
(1976, 'PH26', 'Highland', 'SCT', 'Scotland'),
(1977, 'PH3', 'Perth and Kinross', 'SCT', 'Scotland'),
(1978, 'PH30', 'Highland', 'SCT', 'Scotland'),
(1979, 'PH31', 'Highland', 'SCT', 'Scotland'),
(1980, 'PH32', 'Highland', 'SCT', 'Scotland'),
(1981, 'PH33', 'Highland', 'SCT', 'Scotland'),
(1982, 'PH34', 'Highland', 'SCT', 'Scotland'),
(1983, 'PH35', 'Highland', 'SCT', 'Scotland'),
(1984, 'PH36', 'Highland', 'SCT', 'Scotland'),
(1985, 'PH38', 'Highland', 'SCT', 'Scotland'),
(1986, 'PH39', 'Highland', 'SCT', 'Scotland'),
(1987, 'PH4', 'Perth and Kinross', 'SCT', 'Scotland'),
(1988, 'PH40', 'Highland', 'SCT', 'Scotland'),
(1989, 'PH41', 'Highland', 'SCT', 'Scotland'),
(1990, 'PH42', 'Highland', 'SCT', 'Scotland'),
(1991, 'PH43', 'Inverness-shire', 'SCT', 'Scotland'),
(1992, 'PH44', 'Highland', 'SCT', 'Scotland'),
(1993, 'PH49', 'Highland', 'SCT', 'Scotland'),
(1994, 'PH5', 'Perth and Kinross', 'SCT', 'Scotland'),
(1995, 'PH50', 'Highland', 'SCT', 'Scotland'),
(1996, 'PH6', 'Perth and Kinross', 'SCT', 'Scotland'),
(1997, 'PH7', 'Perth and Kinross', 'SCT', 'Scotland'),
(1998, 'PH8', 'Perth and Kinross', 'SCT', 'Scotland'),
(1999, 'PH9', 'Perth and Kinross', 'SCT', 'Scotland'),
(2000, 'PL1', 'Plymouth', 'ENG', 'England'),
(2001, 'PL10', 'Cornwall', 'ENG', 'England'),
(2002, 'PL11', 'Cornwall', 'ENG', 'England'),
(2003, 'PL12', 'Cornwall', 'ENG', 'England'),
(2004, 'PL13', 'Cornwall', 'ENG', 'England'),
(2005, 'PL14', 'Cornwall', 'ENG', 'England'),
(2006, 'PL15', 'Cornwall', 'ENG', 'England'),
(2007, 'PL16', 'Devon', 'ENG', 'England'),
(2008, 'PL17', 'Cornwall', 'ENG', 'England'),
(2009, 'PL18', 'Cornwall', 'ENG', 'England'),
(2010, 'PL19', 'Devon', 'ENG', 'England'),
(2011, 'PL2', 'Plymouth', 'ENG', 'England'),
(2012, 'PL20', 'Devon', 'ENG', 'England'),
(2013, 'PL21', 'Devon', 'ENG', 'England'),
(2014, 'PL22', 'Cornwall', 'ENG', 'England'),
(2015, 'PL23', 'Cornwall', 'ENG', 'England'),
(2016, 'PL24', 'Cornwall', 'ENG', 'England'),
(2017, 'PL25', 'Cornwall', 'ENG', 'England'),
(2018, 'PL26', 'Cornwall', 'ENG', 'England'),
(2019, 'PL27', 'Cornwall', 'ENG', 'England'),
(2020, 'PL28', 'Cornwall', 'ENG', 'England'),
(2021, 'PL29', 'Cornwall', 'ENG', 'England'),
(2022, 'PL3', 'Plymouth', 'ENG', 'England'),
(2023, 'PL30', 'Cornwall', 'ENG', 'England'),
(2024, 'PL31', 'Cornwall', 'ENG', 'England'),
(2025, 'PL32', 'Cornwall', 'ENG', 'England'),
(2026, 'PL33', 'Cornwall', 'ENG', 'England'),
(2027, 'PL34', 'Cornwall', 'ENG', 'England'),
(2028, 'PL35', 'Cornwall', 'ENG', 'England'),
(2029, 'PL4', 'Plymouth', 'ENG', 'England'),
(2030, 'PL5', 'Plymouth', 'ENG', 'England'),
(2031, 'PL6', 'Plymouth', 'ENG', 'England'),
(2032, 'PL7', 'Plymouth', 'ENG', 'England'),
(2033, 'PL8', 'Devon', 'ENG', 'England'),
(2034, 'PL9', 'Plymouth', 'ENG', 'England'),
(2035, 'PO1', 'Portsmouth', 'ENG', 'England'),
(2036, 'PO10', 'West Sussex', 'ENG', 'England'),
(2037, 'PO11', 'Hampshire', 'ENG', 'England'),
(2038, 'PO12', 'Hampshire', 'ENG', 'England'),
(2039, 'PO13', 'Hampshire', 'ENG', 'England'),
(2040, 'PO14', 'Hampshire', 'ENG', 'England'),
(2041, 'PO15', 'Hampshire', 'ENG', 'England'),
(2042, 'PO16', 'Hampshire', 'ENG', 'England'),
(2043, 'PO17', 'Hampshire', 'ENG', 'England'),
(2044, 'PO18', 'West Sussex', 'ENG', 'England'),
(2045, 'PO19', 'West Sussex', 'ENG', 'England'),
(2046, 'PO2', 'Portsmouth', 'ENG', 'England'),
(2047, 'PO20', 'West Sussex', 'ENG', 'England'),
(2048, 'PO21', 'West Sussex', 'ENG', 'England'),
(2049, 'PO22', 'West Sussex', 'ENG', 'England'),
(2050, 'PO3', 'Portsmouth', 'ENG', 'England'),
(2051, 'PO30', 'Isle Of Wight', 'ENG', 'England'),
(2052, 'PO31', 'Isle Of Wight', 'ENG', 'England'),
(2053, 'PO32', 'Isle Of Wight', 'ENG', 'England'),
(2054, 'PO33', 'Isle Of Wight', 'ENG', 'England'),
(2055, 'PO34', 'Isle Of Wight', 'ENG', 'England'),
(2056, 'PO35', 'Isle Of Wight', 'ENG', 'England'),
(2057, 'PO36', 'Isle Of Wight', 'ENG', 'England'),
(2058, 'PO37', 'Isle Of Wight', 'ENG', 'England'),
(2059, 'PO38', 'Isle Of Wight', 'ENG', 'England'),
(2060, 'PO39', 'Isle Of Wight', 'ENG', 'England'),
(2061, 'PO4', 'Portsmouth', 'ENG', 'England'),
(2062, 'PO40', 'Isle Of Wight', 'ENG', 'England'),
(2063, 'PO41', 'Isle Of Wight', 'ENG', 'England'),
(2064, 'PO5', 'Portsmouth', 'ENG', 'England'),
(2065, 'PO6', 'Portsmouth', 'ENG', 'England'),
(2066, 'PO7', 'Hampshire', 'ENG', 'England'),
(2067, 'PO8', 'Hampshire', 'ENG', 'England'),
(2068, 'PO9', 'Hampshire', 'ENG', 'England'),
(2069, 'PR1', 'Lancashire', 'ENG', 'England'),
(2070, 'PR2', 'Lancashire', 'ENG', 'England'),
(2071, 'PR25', 'Lancashire', 'ENG', 'England'),
(2072, 'PR26', 'Lancashire', 'ENG', 'England'),
(2073, 'PR3', 'Lancashire', 'ENG', 'England'),
(2074, 'PR4', 'Lancashire', 'ENG', 'England'),
(2075, 'PR5', 'Lancashire', 'ENG', 'England'),
(2076, 'PR6', 'Lancashire', 'ENG', 'England'),
(2077, 'PR7', 'Lancashire', 'ENG', 'England'),
(2078, 'PR8', 'Sefton', 'ENG', 'England'),
(2079, 'PR9', 'Sefton', 'ENG', 'England'),
(2080, 'RG1', 'Reading', 'ENG', 'England'),
(2081, 'RG10', 'Wokingham', 'ENG', 'England'),
(2082, 'RG12', 'Bracknell Forest', 'ENG', 'England'),
(2083, 'RG14', 'West Berkshire', 'ENG', 'England'),
(2084, 'RG17', 'West Berkshire', 'ENG', 'England'),
(2085, 'RG18', 'West Berkshire', 'ENG', 'England'),
(2086, 'RG19', 'West Berkshire', 'ENG', 'England'),
(2087, 'RG2', 'Reading', 'ENG', 'England'),
(2088, 'RG20', 'West Berkshire', 'ENG', 'England'),
(2089, 'RG21', 'Hampshire', 'ENG', 'England'),
(2090, 'RG22', 'Hampshire', 'ENG', 'England'),
(2091, 'RG23', 'Hampshire', 'ENG', 'England'),
(2092, 'RG24', 'Hampshire', 'ENG', 'England'),
(2093, 'RG25', 'Hampshire', 'ENG', 'England'),
(2094, 'RG26', 'Hampshire', 'ENG', 'England'),
(2095, 'RG27', 'Hampshire', 'ENG', 'England'),
(2096, 'RG28', 'Hampshire', 'ENG', 'England'),
(2097, 'RG29', 'Hampshire', 'ENG', 'England'),
(2098, 'RG30', 'Reading', 'ENG', 'England'),
(2099, 'RG31', 'Reading', 'ENG', 'England'),
(2100, 'RG4', 'Reading', 'ENG', 'England'),
(2101, 'RG40', 'Wokingham', 'ENG', 'England'),
(2102, 'RG41', 'Wokingham', 'ENG', 'England'),
(2103, 'RG42', 'Bracknell Forest', 'ENG', 'England'),
(2104, 'RG45', 'Wokingham', 'ENG', 'England'),
(2105, 'RG5', 'Wokingham', 'ENG', 'England'),
(2106, 'RG6', 'Wokingham', 'ENG', 'England'),
(2107, 'RG7', 'West Berkshire', 'ENG', 'England'),
(2108, 'RG8', 'Oxfordshire', 'ENG', 'England'),
(2109, 'RG9', 'Oxfordshire', 'ENG', 'England'),
(2110, 'RH1', 'Surrey', 'ENG', 'England'),
(2111, 'RH10', 'West Sussex', 'ENG', 'England'),
(2112, 'RH11', 'West Sussex', 'ENG', 'England'),
(2113, 'RH12', 'West Sussex', 'ENG', 'England'),
(2114, 'RH13', 'West Sussex', 'ENG', 'England'),
(2115, 'RH14', 'West Sussex', 'ENG', 'England'),
(2116, 'RH15', 'West Sussex', 'ENG', 'England'),
(2117, 'RH16', 'West Sussex', 'ENG', 'England'),
(2118, 'RH17', 'West Sussex', 'ENG', 'England'),
(2119, 'RH18', 'East Sussex', 'ENG', 'England'),
(2120, 'RH19', 'West Sussex', 'ENG', 'England'),
(2121, 'RH2', 'Surrey', 'ENG', 'England'),
(2122, 'RH20', 'West Sussex', 'ENG', 'England'),
(2123, 'RH3', 'Surrey', 'ENG', 'England'),
(2124, 'RH4', 'Surrey', 'ENG', 'England'),
(2125, 'RH5', 'Surrey', 'ENG', 'England'),
(2126, 'RH6', 'Surrey', 'ENG', 'England'),
(2127, 'RH7', 'Surrey', 'ENG', 'England'),
(2128, 'RH8', 'Surrey', 'ENG', 'England'),
(2129, 'RH9', 'Surrey', 'ENG', 'England'),
(2130, 'RM1', 'Greater London', 'ENG', 'England'),
(2131, 'RM10', 'Greater London', 'ENG', 'England'),
(2132, 'RM11', 'Greater London', 'ENG', 'England'),
(2133, 'RM12', 'Greater London', 'ENG', 'England'),
(2134, 'RM13', 'Greater London', 'ENG', 'England'),
(2135, 'RM14', 'Greater London', 'ENG', 'England'),
(2136, 'RM15', 'Thurrock', 'ENG', 'England'),
(2137, 'RM16', 'Thurrock', 'ENG', 'England'),
(2138, 'RM17', 'Thurrock', 'ENG', 'England'),
(2139, 'RM18', 'Thurrock', 'ENG', 'England'),
(2140, 'RM19', 'Thurrock', 'ENG', 'England'),
(2141, 'RM2', 'Greater London', 'ENG', 'England'),
(2142, 'RM20', 'Thurrock', 'ENG', 'England'),
(2143, 'RM3', 'Greater London', 'ENG', 'England'),
(2144, 'RM4', 'Essex', 'ENG', 'England'),
(2145, 'RM5', 'Greater London', 'ENG', 'England'),
(2146, 'RM6', 'Greater London', 'ENG', 'England'),
(2147, 'RM7', 'Greater London', 'ENG', 'England'),
(2148, 'RM8', 'Greater London', 'ENG', 'England'),
(2149, 'RM9', 'Greater London', 'ENG', 'England'),
(2150, 'S1', 'Sheffield', 'ENG', 'England'),
(2151, 'S10', 'Sheffield', 'ENG', 'England'),
(2152, 'S11', 'Sheffield', 'ENG', 'England');
INSERT INTO `counties` (`id`, `postcode`, `region`, `country`, `country_string`) VALUES
(2153, 'S12', 'Sheffield', 'ENG', 'England'),
(2154, 'S13', 'Sheffield', 'ENG', 'England'),
(2155, 'S14', 'Sheffield', 'ENG', 'England'),
(2156, 'S17', 'Sheffield', 'ENG', 'England'),
(2157, 'S18', 'Derbyshire', 'ENG', 'England'),
(2158, 'S2', 'Sheffield', 'ENG', 'England'),
(2159, 'S20', 'Sheffield', 'ENG', 'England'),
(2160, 'S21', 'Derbyshire', 'ENG', 'England'),
(2161, 'S25', 'Rotherham', 'ENG', 'England'),
(2162, 'S26', 'Rotherham', 'ENG', 'England'),
(2163, 'S3', 'Sheffield', 'ENG', 'England'),
(2164, 'S32', 'Derbyshire', 'ENG', 'England'),
(2165, 'S33', 'Derbyshire', 'ENG', 'England'),
(2166, 'S35', 'Sheffield', 'ENG', 'England'),
(2167, 'S36', 'Barnsley', 'ENG', 'England'),
(2168, 'S4', 'Sheffield', 'ENG', 'England'),
(2169, 'S40', 'Derbyshire', 'ENG', 'England'),
(2170, 'S41', 'Derbyshire', 'ENG', 'England'),
(2171, 'S42', 'Derbyshire', 'ENG', 'England'),
(2172, 'S43', 'Derbyshire', 'ENG', 'England'),
(2173, 'S44', 'Derbyshire', 'ENG', 'England'),
(2174, 'S45', 'Derbyshire', 'ENG', 'England'),
(2175, 'S5', 'Sheffield', 'ENG', 'England'),
(2176, 'S6', 'Sheffield', 'ENG', 'England'),
(2177, 'S60', 'Rotherham', 'ENG', 'England'),
(2178, 'S61', 'Rotherham', 'ENG', 'England'),
(2179, 'S62', 'Rotherham', 'ENG', 'England'),
(2180, 'S63', 'Barnsley', 'ENG', 'England'),
(2181, 'S64', 'Rotherham', 'ENG', 'England'),
(2182, 'S65', 'Rotherham', 'ENG', 'England'),
(2183, 'S66', 'Rotherham', 'ENG', 'England'),
(2184, 'S7', 'Sheffield', 'ENG', 'England'),
(2185, 'S70', 'Barnsley', 'ENG', 'England'),
(2186, 'S71', 'Barnsley', 'ENG', 'England'),
(2187, 'S72', 'Barnsley', 'ENG', 'England'),
(2188, 'S73', 'Barnsley', 'ENG', 'England'),
(2189, 'S74', 'Barnsley', 'ENG', 'England'),
(2190, 'S75', 'Barnsley', 'ENG', 'England'),
(2191, 'S8', 'Sheffield', 'ENG', 'England'),
(2192, 'S80', 'Nottinghamshire', 'ENG', 'England'),
(2193, 'S81', 'Nottinghamshire', 'ENG', 'England'),
(2194, 'S9', 'Sheffield', 'ENG', 'England'),
(2195, 'SA1', 'Swansea', 'WLS', 'Wales'),
(2196, 'SA10', 'Neath Port Talbot', 'WLS', 'Wales'),
(2197, 'SA11', 'Neath Port Talbot', 'WLS', 'Wales'),
(2198, 'SA12', 'Neath Port Talbot', 'WLS', 'Wales'),
(2199, 'SA13', 'Neath Port Talbot', 'WLS', 'Wales'),
(2200, 'SA14', 'Carmarthenshire', 'WLS', 'Wales'),
(2201, 'SA15', 'Carmarthenshire', 'WLS', 'Wales'),
(2202, 'SA16', 'Carmarthenshire', 'WLS', 'Wales'),
(2203, 'SA17', 'Carmarthenshire', 'WLS', 'Wales'),
(2204, 'SA18', 'Carmarthenshire', 'WLS', 'Wales'),
(2205, 'SA19', 'Carmarthenshire', 'WLS', 'Wales'),
(2206, 'SA2', 'Swansea', 'WLS', 'Wales'),
(2207, 'SA20', 'Carmarthenshire', 'WLS', 'Wales'),
(2208, 'SA3', 'Swansea', 'WLS', 'Wales'),
(2209, 'SA31', 'Carmarthenshire', 'WLS', 'Wales'),
(2210, 'SA32', 'Carmarthenshire', 'WLS', 'Wales'),
(2211, 'SA33', 'Carmarthenshire', 'WLS', 'Wales'),
(2212, 'SA34', 'Carmarthenshire', 'WLS', 'Wales'),
(2213, 'SA35', 'Pembrokeshire', 'WLS', 'Wales'),
(2214, 'SA36', 'Pembrokeshire', 'WLS', 'Wales'),
(2215, 'SA37', 'Pembrokeshire', 'WLS', 'Wales'),
(2216, 'SA38', 'Carmarthenshire', 'WLS', 'Wales'),
(2217, 'SA39', 'Carmarthenshire', 'WLS', 'Wales'),
(2218, 'SA4', 'Swansea', 'WLS', 'Wales'),
(2219, 'SA40', 'Ceredigion', 'WLS', 'Wales'),
(2220, 'SA41', 'Pembrokeshire', 'WLS', 'Wales'),
(2221, 'SA42', 'Pembrokeshire', 'WLS', 'Wales'),
(2222, 'SA43', 'Ceredigion', 'WLS', 'Wales'),
(2223, 'SA44', 'Ceredigion', 'WLS', 'Wales'),
(2224, 'SA45', 'Ceredigion', 'WLS', 'Wales'),
(2225, 'SA46', 'Ceredigion', 'WLS', 'Wales'),
(2226, 'SA47', 'Ceredigion', 'WLS', 'Wales'),
(2227, 'SA48', 'Ceredigion', 'WLS', 'Wales'),
(2228, 'SA5', 'Swansea', 'WLS', 'Wales'),
(2229, 'SA6', 'Swansea', 'WLS', 'Wales'),
(2230, 'SA61', 'Pembrokeshire', 'WLS', 'Wales'),
(2231, 'SA62', 'Pembrokeshire', 'WLS', 'Wales'),
(2232, 'SA63', 'Pembrokeshire', 'WLS', 'Wales'),
(2233, 'SA64', 'Pembrokeshire', 'WLS', 'Wales'),
(2234, 'SA65', 'Pembrokeshire', 'WLS', 'Wales'),
(2235, 'SA66', 'Pembrokeshire', 'WLS', 'Wales'),
(2236, 'SA67', 'Pembrokeshire', 'WLS', 'Wales'),
(2237, 'SA68', 'Pembrokeshire', 'WLS', 'Wales'),
(2238, 'SA69', 'Pembrokeshire', 'WLS', 'Wales'),
(2239, 'SA7', 'Swansea', 'WLS', 'Wales'),
(2240, 'SA70', 'Pembrokeshire', 'WLS', 'Wales'),
(2241, 'SA71', 'Pembrokeshire', 'WLS', 'Wales'),
(2242, 'SA72', 'Pembrokeshire', 'WLS', 'Wales'),
(2243, 'SA73', 'Pembrokeshire', 'WLS', 'Wales'),
(2244, 'SA8', 'Neath Port Talbot', 'WLS', 'Wales'),
(2245, 'SA9', 'Powys', 'WLS', 'Wales'),
(2246, 'SE1', 'Greater London', 'ENG', 'England'),
(2247, 'SE10', 'Greater London', 'ENG', 'England'),
(2248, 'SE11', 'Greater London', 'ENG', 'England'),
(2249, 'SE12', 'Greater London', 'ENG', 'England'),
(2250, 'SE13', 'Greater London', 'ENG', 'England'),
(2251, 'SE14', 'Greater London', 'ENG', 'England'),
(2252, 'SE15', 'Greater London', 'ENG', 'England'),
(2253, 'SE16', 'Greater London', 'ENG', 'England'),
(2254, 'SE17', 'Greater London', 'ENG', 'England'),
(2255, 'SE18', 'Greater London', 'ENG', 'England'),
(2256, 'SE19', 'Greater London', 'ENG', 'England'),
(2257, 'SE2', 'Greater London', 'ENG', 'England'),
(2258, 'SE20', 'Greater London', 'ENG', 'England'),
(2259, 'SE21', 'Greater London', 'ENG', 'England'),
(2260, 'SE22', 'Greater London', 'ENG', 'England'),
(2261, 'SE23', 'Greater London', 'ENG', 'England'),
(2262, 'SE24', 'Greater London', 'ENG', 'England'),
(2263, 'SE25', 'Greater London', 'ENG', 'England'),
(2264, 'SE26', 'Greater London', 'ENG', 'England'),
(2265, 'SE27', 'Greater London', 'ENG', 'England'),
(2266, 'SE28', 'Greater London', 'ENG', 'England'),
(2267, 'SE3', 'Greater London', 'ENG', 'England'),
(2268, 'SE4', 'Greater London', 'ENG', 'England'),
(2269, 'SE5', 'Greater London', 'ENG', 'England'),
(2270, 'SE6', 'Greater London', 'ENG', 'England'),
(2271, 'SE7', 'Greater London', 'ENG', 'England'),
(2272, 'SE8', 'Greater London', 'ENG', 'England'),
(2273, 'SE9', 'Greater London', 'ENG', 'England'),
(2274, 'SG1', 'Hertfordshire', 'ENG', 'England'),
(2275, 'SG10', 'Hertfordshire', 'ENG', 'England'),
(2276, 'SG11', 'Hertfordshire', 'ENG', 'England'),
(2277, 'SG12', 'Hertfordshire', 'ENG', 'England'),
(2278, 'SG13', 'Hertford', 'ENG', 'England'),
(2279, 'SG14', 'Hertford', 'ENG', 'England'),
(2280, 'SG15', 'Central Bedfordshire', 'ENG', 'England'),
(2281, 'SG16', 'Central Bedfordshire', 'ENG', 'England'),
(2282, 'SG17', 'Central Bedfordshire', 'ENG', 'England'),
(2283, 'SG18', 'Central Bedfordshire', 'ENG', 'England'),
(2284, 'SG19', 'Central Bedfordshire', 'ENG', 'England'),
(2285, 'SG2', 'Hertfordshire', 'ENG', 'England'),
(2286, 'SG3', 'Hertfordshire', 'ENG', 'England'),
(2287, 'SG4', 'Hertfordshire', 'ENG', 'England'),
(2288, 'SG5', 'Hertfordshire', 'ENG', 'England'),
(2289, 'SG6', 'Hertfordshire', 'ENG', 'England'),
(2290, 'SG7', 'Hertfordshire', 'ENG', 'England'),
(2291, 'SG8', 'Cambridgeshire', 'ENG', 'England'),
(2292, 'SG9', 'Hertfordshire', 'ENG', 'England'),
(2293, 'SK1', 'Stockport', 'ENG', 'England'),
(2294, 'SK10', 'Cheshire East', 'ENG', 'England'),
(2295, 'SK11', 'Cheshire East', 'ENG', 'England'),
(2296, 'SK12', 'Cheshire East', 'ENG', 'England'),
(2297, 'SK13', 'Derbyshire', 'ENG', 'England'),
(2298, 'SK14', 'Tameside', 'ENG', 'England'),
(2299, 'SK15', 'Tameside', 'ENG', 'England'),
(2300, 'SK16', 'Tameside', 'ENG', 'England'),
(2301, 'SK17', 'Derbyshire', 'ENG', 'England'),
(2302, 'SK2', 'Stockport', 'ENG', 'England'),
(2303, 'SK22', 'Derbyshire', 'ENG', 'England'),
(2304, 'SK23', 'Derbyshire', 'ENG', 'England'),
(2305, 'SK3', 'Stockport', 'ENG', 'England'),
(2306, 'SK4', 'Stockport', 'ENG', 'England'),
(2307, 'SK5', 'Stockport', 'ENG', 'England'),
(2308, 'SK6', 'Stockport', 'ENG', 'England'),
(2309, 'SK7', 'Stockport', 'ENG', 'England'),
(2310, 'SK8', 'Stockport', 'ENG', 'England'),
(2311, 'SK9', 'Cheshire East', 'ENG', 'England'),
(2312, 'SL0', 'Buckinghamshire', 'ENG', 'England'),
(2313, 'SL1', 'Slough', 'ENG', 'England'),
(2314, 'SL2', 'Slough', 'ENG', 'England'),
(2315, 'SL3', 'Slough', 'ENG', 'England'),
(2316, 'SL4', 'Windsor and Maidenhead', 'ENG', 'England'),
(2317, 'SL5', 'Windsor and Maidenhead', 'ENG', 'England'),
(2318, 'SL6', 'Windsor and Maidenhead', 'ENG', 'England'),
(2319, 'SL7', 'Buckinghamshire', 'ENG', 'England'),
(2320, 'SL8', 'Buckinghamshire', 'ENG', 'England'),
(2321, 'SL9', 'Buckinghamshire', 'ENG', 'England'),
(2322, 'SM1', 'Greater London', 'ENG', 'England'),
(2323, 'SM2', 'Greater London', 'ENG', 'England'),
(2324, 'SM3', 'Greater London', 'ENG', 'England'),
(2325, 'SM4', 'Greater London', 'ENG', 'England'),
(2326, 'SM5', 'Greater London', 'ENG', 'England'),
(2327, 'SM6', 'Greater London', 'ENG', 'England'),
(2328, 'SM7', 'Surrey', 'ENG', 'England'),
(2329, 'SN1', 'Swindon', 'ENG', 'England'),
(2330, 'SN10', 'Wiltshire', 'ENG', 'England'),
(2331, 'SN11', 'Wiltshire', 'ENG', 'England'),
(2332, 'SN12', 'Wiltshire', 'ENG', 'England'),
(2333, 'SN13', 'Wiltshire', 'ENG', 'England'),
(2334, 'SN14', 'Wiltshire', 'ENG', 'England'),
(2335, 'SN15', 'Wiltshire', 'ENG', 'England'),
(2336, 'SN16', 'Wiltshire', 'ENG', 'England'),
(2337, 'SN2', 'Swindon', 'ENG', 'England'),
(2338, 'SN25', 'Swindon', 'ENG', 'England'),
(2339, 'SN26', 'Swindon', 'ENG', 'England'),
(2340, 'SN3', 'Swindon', 'ENG', 'England'),
(2341, 'SN4', 'Swindon', 'ENG', 'England'),
(2342, 'SN5', 'Swindon', 'ENG', 'England'),
(2343, 'SN6', 'Swindon', 'ENG', 'England'),
(2344, 'SN7', 'Oxfordshire', 'ENG', 'England'),
(2345, 'SN8', 'Wiltshire', 'ENG', 'England'),
(2346, 'SN9', 'Wiltshire', 'ENG', 'England'),
(2347, 'SO14', 'Southampton', 'ENG', 'England'),
(2348, 'SO15', 'Southampton', 'ENG', 'England'),
(2349, 'SO16', 'Southampton', 'ENG', 'England'),
(2350, 'SO17', 'Southampton', 'ENG', 'England'),
(2351, 'SO18', 'Southampton', 'ENG', 'England'),
(2352, 'SO19', 'Southampton', 'ENG', 'England'),
(2353, 'SO20', 'Hampshire', 'ENG', 'England'),
(2354, 'SO21', 'Hampshire', 'ENG', 'England'),
(2355, 'SO22', 'Hampshire', 'ENG', 'England'),
(2356, 'SO23', 'Hampshire', 'ENG', 'England'),
(2357, 'SO24', 'Hampshire', 'ENG', 'England'),
(2358, 'SO30', 'Hampshire', 'ENG', 'England'),
(2359, 'SO31', 'Hampshire', 'ENG', 'England'),
(2360, 'SO32', 'Hampshire', 'ENG', 'England'),
(2361, 'SO40', 'Hampshire', 'ENG', 'England'),
(2362, 'SO41', 'Hampshire', 'ENG', 'England'),
(2363, 'SO42', 'Hampshire', 'ENG', 'England'),
(2364, 'SO43', 'Hampshire', 'ENG', 'England'),
(2365, 'SO45', 'Hampshire', 'ENG', 'England'),
(2366, 'SO50', 'Hampshire', 'ENG', 'England'),
(2367, 'SO51', 'Hampshire', 'ENG', 'England'),
(2368, 'SO52', 'Hampshire', 'ENG', 'England'),
(2369, 'SO53', 'Hampshire', 'ENG', 'England'),
(2370, 'SP1', 'Wiltshire', 'ENG', 'England'),
(2371, 'SP10', 'Hampshire', 'ENG', 'England'),
(2372, 'SP11', 'Hampshire', 'ENG', 'England'),
(2373, 'SP2', 'Wiltshire', 'ENG', 'England'),
(2374, 'SP3', 'Wiltshire', 'ENG', 'England'),
(2375, 'SP4', 'Wiltshire', 'ENG', 'England'),
(2376, 'SP5', 'Wiltshire', 'ENG', 'England'),
(2377, 'SP6', 'Hampshire', 'ENG', 'England'),
(2378, 'SP7', 'Dorset', 'ENG', 'England'),
(2379, 'SP8', 'Dorset', 'ENG', 'England'),
(2380, 'SP9', 'Hampshire', 'ENG', 'England'),
(2381, 'SR1', 'Sunderland', 'ENG', 'England'),
(2382, 'SR2', 'Sunderland', 'ENG', 'England'),
(2383, 'SR3', 'Sunderland', 'ENG', 'England'),
(2384, 'SR4', 'Sunderland', 'ENG', 'England'),
(2385, 'SR5', 'Sunderland', 'ENG', 'England'),
(2386, 'SR6', 'Sunderland', 'ENG', 'England'),
(2387, 'SR7', 'County Durham', 'ENG', 'England'),
(2388, 'SR8', 'County Durham', 'ENG', 'England'),
(2389, 'SR9', 'Sunderland', 'ENG', 'England'),
(2390, 'SS0', 'Southend-on-Sea', 'ENG', 'England'),
(2391, 'SS1', 'Southend-on-Sea', 'ENG', 'England'),
(2392, 'SS11', 'Essex', 'ENG', 'England'),
(2393, 'SS12', 'Essex', 'ENG', 'England'),
(2394, 'SS13', 'Essex', 'ENG', 'England'),
(2395, 'SS14', 'Essex', 'ENG', 'England'),
(2396, 'SS15', 'Essex', 'ENG', 'England'),
(2397, 'SS16', 'Essex', 'ENG', 'England'),
(2398, 'SS17', 'Thurrock', 'ENG', 'England'),
(2399, 'SS2', 'Southend-on-Sea', 'ENG', 'England'),
(2400, 'SS3', 'Southend-on-Sea', 'ENG', 'England'),
(2401, 'SS4', 'Essex', 'ENG', 'England'),
(2402, 'SS5', 'Essex', 'ENG', 'England'),
(2403, 'SS6', 'Essex', 'ENG', 'England'),
(2404, 'SS7', 'Essex', 'ENG', 'England'),
(2405, 'SS8', 'Essex', 'ENG', 'England'),
(2406, 'SS9', 'Southend-on-Sea', 'ENG', 'England'),
(2407, 'ST1', 'Stoke-on-Trent', 'ENG', 'England'),
(2408, 'ST10', 'Staffordshire', 'ENG', 'England'),
(2409, 'ST11', 'Staffordshire', 'ENG', 'England'),
(2410, 'ST12', 'Staffordshire', 'ENG', 'England'),
(2411, 'ST13', 'Staffordshire', 'ENG', 'England'),
(2412, 'ST14', 'Staffordshire', 'ENG', 'England'),
(2413, 'ST15', 'Staffordshire', 'ENG', 'England'),
(2414, 'ST16', 'Staffordshire', 'ENG', 'England'),
(2415, 'ST17', 'Staffordshire', 'ENG', 'England'),
(2416, 'ST18', 'Staffordshire', 'ENG', 'England'),
(2417, 'ST19', 'Staffordshire', 'ENG', 'England'),
(2418, 'ST2', 'Stoke-on-Trent', 'ENG', 'England'),
(2419, 'ST20', 'Staffordshire', 'ENG', 'England'),
(2420, 'ST21', 'Staffordshire', 'ENG', 'England'),
(2421, 'ST3', 'Stoke-on-Trent', 'ENG', 'England'),
(2422, 'ST4', 'Stoke-on-Trent', 'ENG', 'England'),
(2423, 'ST5', 'Staffordshire', 'ENG', 'England'),
(2424, 'ST6', 'Stoke-on-Trent', 'ENG', 'England'),
(2425, 'ST7', 'Staffordshire', 'ENG', 'England'),
(2426, 'ST8', 'Staffordshire', 'ENG', 'England'),
(2427, 'ST9', 'Staffordshire', 'ENG', 'England'),
(2428, 'SW1', 'London', 'ENG', 'England'),
(2429, 'SW10', 'Greater London', 'ENG', 'England'),
(2430, 'SW11', 'Greater London', 'ENG', 'England'),
(2431, 'SW12', 'Greater London', 'ENG', 'England'),
(2432, 'SW13', 'Greater London', 'ENG', 'England'),
(2433, 'SW14', 'Greater London', 'ENG', 'England'),
(2434, 'SW15', 'Greater London', 'ENG', 'England'),
(2435, 'SW16', 'Greater London', 'ENG', 'England'),
(2436, 'SW17', 'Greater London', 'ENG', 'England'),
(2437, 'SW18', 'Greater London', 'ENG', 'England'),
(2438, 'SW19', 'Greater London', 'ENG', 'England'),
(2439, 'SW1A', 'London', 'ENG', 'England'),
(2440, 'SW1E', 'London', 'ENG', 'England'),
(2441, 'SW1H', 'London', 'ENG', 'England'),
(2442, 'SW1P', 'London', 'ENG', 'England'),
(2443, 'SW1V', 'London', 'ENG', 'England'),
(2444, 'SW1W', 'London', 'ENG', 'England'),
(2445, 'SW1X', 'London', 'ENG', 'England'),
(2446, 'SW1Y', 'London', 'ENG', 'England'),
(2447, 'SW2', 'Greater London', 'ENG', 'England'),
(2448, 'SW20', 'Greater London', 'ENG', 'England'),
(2449, 'SW3', 'Greater London', 'ENG', 'England'),
(2450, 'SW4', 'Greater London', 'ENG', 'England'),
(2451, 'SW5', 'Greater London', 'ENG', 'England'),
(2452, 'SW6', 'Greater London', 'ENG', 'England'),
(2453, 'SW7', 'Greater London', 'ENG', 'England'),
(2454, 'SW8', 'Greater London', 'ENG', 'England'),
(2455, 'SW9', 'Greater London', 'ENG', 'England'),
(2456, 'SY1', 'Shropshire', 'ENG', 'England'),
(2457, 'SY10', 'Shropshire', 'ENG', 'England'),
(2458, 'SY11', 'Shropshire', 'ENG', 'England'),
(2459, 'SY12', 'Shropshire', 'ENG', 'England'),
(2460, 'SY13', 'Shropshire', 'ENG', 'England'),
(2461, 'SY14', 'Cheshire West and Chester', 'ENG', 'England'),
(2462, 'SY15', 'Powys', 'WLS', 'Wales'),
(2463, 'SY16', 'Powys', 'WLS', 'Wales'),
(2464, 'SY17', 'Powys', 'WLS', 'Wales'),
(2465, 'SY18', 'Powys', 'WLS', 'Wales'),
(2466, 'SY19', 'Powys', 'WLS', 'Wales'),
(2467, 'SY2', 'Shropshire', 'ENG', 'England'),
(2468, 'SY20', 'Powys', 'WLS', 'Wales'),
(2469, 'SY21', 'Powys', 'WLS', 'Wales'),
(2470, 'SY22', 'Powys', 'WLS', 'Wales'),
(2471, 'SY23', 'Ceredigion', 'WLS', 'Wales'),
(2472, 'SY24', 'Ceredigion', 'WLS', 'Wales'),
(2473, 'SY25', 'Ceredigion', 'WLS', 'Wales'),
(2474, 'SY3', 'Shropshire', 'ENG', 'England'),
(2475, 'SY4', 'Shropshire', 'ENG', 'England'),
(2476, 'SY5', 'Shropshire', 'ENG', 'England'),
(2477, 'SY6', 'Shropshire', 'ENG', 'England'),
(2478, 'SY7', 'Shropshire', 'ENG', 'England'),
(2479, 'SY8', 'Shropshire', 'ENG', 'England'),
(2480, 'SY9', 'Shropshire', 'ENG', 'England'),
(2481, 'TA1', 'Somerset', 'ENG', 'England'),
(2482, 'TA10', 'Somerset', 'ENG', 'England'),
(2483, 'TA11', 'Somerset', 'ENG', 'England'),
(2484, 'TA12', 'Somerset', 'ENG', 'England'),
(2485, 'TA13', 'Somerset', 'ENG', 'England'),
(2486, 'TA14', 'Somerset', 'ENG', 'England'),
(2487, 'TA15', 'Somerset', 'ENG', 'England'),
(2488, 'TA16', 'Somerset', 'ENG', 'England'),
(2489, 'TA17', 'Somerset', 'ENG', 'England'),
(2490, 'TA18', 'Somerset', 'ENG', 'England'),
(2491, 'TA19', 'Somerset', 'ENG', 'England'),
(2492, 'TA2', 'Somerset', 'ENG', 'England'),
(2493, 'TA20', 'Somerset', 'ENG', 'England'),
(2494, 'TA21', 'Somerset', 'ENG', 'England'),
(2495, 'TA22', 'Somerset', 'ENG', 'England'),
(2496, 'TA23', 'Somerset', 'ENG', 'England'),
(2497, 'TA24', 'Somerset', 'ENG', 'England'),
(2498, 'TA3', 'Somerset', 'ENG', 'England'),
(2499, 'TA4', 'Somerset', 'ENG', 'England'),
(2500, 'TA5', 'Somerset', 'ENG', 'England'),
(2501, 'TA6', 'Somerset', 'ENG', 'England'),
(2502, 'TA7', 'Somerset', 'ENG', 'England'),
(2503, 'TA8', 'Somerset', 'ENG', 'England'),
(2504, 'TA9', 'Somerset', 'ENG', 'England'),
(2505, 'TD1', 'The Scottish Borders', 'SCT', 'Scotland'),
(2506, 'TD10', 'The Scottish Borders', 'SCT', 'Scotland'),
(2507, 'TD11', 'The Scottish Borders', 'SCT', 'Scotland'),
(2508, 'TD12', 'Northumberland', 'SCT', 'Scotland'),
(2509, 'TD13', 'The Scottish Borders', 'SCT', 'Scotland'),
(2510, 'TD14', 'The Scottish Borders', 'SCT', 'Scotland'),
(2511, 'TD15', 'Northumberland', 'SCT', 'Scotland'),
(2512, 'TD2', 'The Scottish Borders', 'SCT', 'Scotland'),
(2513, 'TD3', 'The Scottish Borders', 'SCT', 'Scotland'),
(2514, 'TD4', 'The Scottish Borders', 'SCT', 'Scotland'),
(2515, 'TD5', 'The Scottish Borders', 'SCT', 'Scotland'),
(2516, 'TD6', 'The Scottish Borders', 'SCT', 'Scotland'),
(2517, 'TD7', 'The Scottish Borders', 'SCT', 'Scotland'),
(2518, 'TD8', 'The Scottish Borders', 'SCT', 'Scotland'),
(2519, 'TD9', 'The Scottish Borders', 'SCT', 'Scotland'),
(2520, 'TF1', 'Telford and Wrekin', 'ENG', 'England'),
(2521, 'TF10', 'Telford and Wrekin', 'ENG', 'England'),
(2522, 'TF11', 'Shropshire', 'ENG', 'England'),
(2523, 'TF12', 'Shropshire', 'ENG', 'England'),
(2524, 'TF13', 'Shropshire', 'ENG', 'England'),
(2525, 'TF2', 'Telford and Wrekin', 'ENG', 'England'),
(2526, 'TF3', 'Telford and Wrekin', 'ENG', 'England'),
(2527, 'TF4', 'Telford and Wrekin', 'ENG', 'England'),
(2528, 'TF5', 'Telford and Wrekin', 'ENG', 'England'),
(2529, 'TF6', 'Telford and Wrekin', 'ENG', 'England'),
(2530, 'TF7', 'Telford and Wrekin', 'ENG', 'England'),
(2531, 'TF8', 'Telford and Wrekin', 'ENG', 'England'),
(2532, 'TF9', 'Shropshire', 'ENG', 'England'),
(2533, 'TN1', 'Kent', 'ENG', 'England'),
(2534, 'TN10', 'Kent', 'ENG', 'England'),
(2535, 'TN11', 'Kent', 'ENG', 'England'),
(2536, 'TN12', 'Kent', 'ENG', 'England'),
(2537, 'TN13', 'Kent', 'ENG', 'England'),
(2538, 'TN14', 'Kent', 'ENG', 'England'),
(2539, 'TN15', 'Kent', 'ENG', 'England'),
(2540, 'TN16', 'Greater London', 'ENG', 'England'),
(2541, 'TN17', 'Kent', 'ENG', 'England'),
(2542, 'TN18', 'Kent', 'ENG', 'England'),
(2543, 'TN19', 'East Sussex', 'ENG', 'England'),
(2544, 'TN2', 'Kent', 'ENG', 'England'),
(2545, 'TN20', 'East Sussex', 'ENG', 'England'),
(2546, 'TN21', 'East Sussex', 'ENG', 'England'),
(2547, 'TN22', 'East Sussex', 'ENG', 'England'),
(2548, 'TN23', 'Kent', 'ENG', 'England'),
(2549, 'TN24', 'Kent', 'ENG', 'England'),
(2550, 'TN25', 'Kent', 'ENG', 'England'),
(2551, 'TN26', 'Kent', 'ENG', 'England'),
(2552, 'TN27', 'Kent', 'ENG', 'England'),
(2553, 'TN28', 'Kent', 'ENG', 'England'),
(2554, 'TN29', 'Kent', 'ENG', 'England'),
(2555, 'TN3', 'Kent', 'ENG', 'England'),
(2556, 'TN30', 'Kent', 'ENG', 'England'),
(2557, 'TN31', 'East Sussex', 'ENG', 'England'),
(2558, 'TN32', 'East Sussex', 'ENG', 'England'),
(2559, 'TN33', 'East Sussex', 'ENG', 'England'),
(2560, 'TN34', 'East Sussex', 'ENG', 'England'),
(2561, 'TN35', 'East Sussex', 'ENG', 'England'),
(2562, 'TN36', 'East Sussex', 'ENG', 'England'),
(2563, 'TN37', 'East Sussex', 'ENG', 'England'),
(2564, 'TN38', 'East Sussex', 'ENG', 'England'),
(2565, 'TN39', 'East Sussex', 'ENG', 'England'),
(2566, 'TN4', 'Kent', 'ENG', 'England'),
(2567, 'TN40', 'East Sussex', 'ENG', 'England'),
(2568, 'TN5', 'East Sussex', 'ENG', 'England'),
(2569, 'TN6', 'East Sussex', 'ENG', 'England'),
(2570, 'TN7', 'East Sussex', 'ENG', 'England'),
(2571, 'TN8', 'Kent', 'ENG', 'England'),
(2572, 'TN9', 'Kent', 'ENG', 'England'),
(2573, 'TQ1', 'Torbay', 'ENG', 'England'),
(2574, 'TQ10', 'Devon', 'ENG', 'England'),
(2575, 'TQ11', 'Devon', 'ENG', 'England'),
(2576, 'TQ12', 'Devon', 'ENG', 'England'),
(2577, 'TQ13', 'Devon', 'ENG', 'England'),
(2578, 'TQ14', 'Devon', 'ENG', 'England'),
(2579, 'TQ2', 'Torbay', 'ENG', 'England'),
(2580, 'TQ3', 'Torbay', 'ENG', 'England'),
(2581, 'TQ4', 'Torbay', 'ENG', 'England'),
(2582, 'TQ5', 'Torbay', 'ENG', 'England'),
(2583, 'TQ6', 'Devon', 'ENG', 'England'),
(2584, 'TQ7', 'Devon', 'ENG', 'England'),
(2585, 'TQ8', 'Devon', 'ENG', 'England'),
(2586, 'TQ9', 'Devon', 'ENG', 'England'),
(2587, 'TR1', 'Cornwall', 'ENG', 'England'),
(2588, 'TR10', 'Cornwall', 'ENG', 'England'),
(2589, 'TR11', 'Cornwall', 'ENG', 'England'),
(2590, 'TR12', 'Cornwall', 'ENG', 'England'),
(2591, 'TR13', 'Cornwall', 'ENG', 'England'),
(2592, 'TR14', 'Cornwall', 'ENG', 'England'),
(2593, 'TR15', 'Cornwall', 'ENG', 'England'),
(2594, 'TR16', 'Cornwall', 'ENG', 'England'),
(2595, 'TR17', 'Cornwall', 'ENG', 'England'),
(2596, 'TR18', 'Cornwall', 'ENG', 'England'),
(2597, 'TR19', 'Cornwall', 'ENG', 'England'),
(2598, 'TR2', 'Cornwall', 'ENG', 'England'),
(2599, 'TR20', 'Cornwall', 'ENG', 'England'),
(2600, 'TR21', 'Isles Of Scilly', 'ENG', 'England'),
(2601, 'TR22', 'Isles Of Scilly', 'ENG', 'England'),
(2602, 'TR23', 'Isles Of Scilly', 'ENG', 'England'),
(2603, 'TR24', 'Isles Of Scilly', 'ENG', 'England'),
(2604, 'TR25', 'Isles Of Scilly', 'ENG', 'England'),
(2605, 'TR26', 'Cornwall', 'ENG', 'England'),
(2606, 'TR27', 'Cornwall', 'ENG', 'England'),
(2607, 'TR3', 'Cornwall', 'ENG', 'England'),
(2608, 'TR4', 'Cornwall', 'ENG', 'England'),
(2609, 'TR5', 'Cornwall', 'ENG', 'England'),
(2610, 'TR6', 'Cornwall', 'ENG', 'England'),
(2611, 'TR7', 'Cornwall', 'ENG', 'England'),
(2612, 'TR8', 'Cornwall', 'ENG', 'England'),
(2613, 'TR9', 'Cornwall', 'ENG', 'England'),
(2614, 'TS1', 'Middlesbrough', 'ENG', 'England'),
(2615, 'TS10', 'Redcar and Cleveland', 'ENG', 'England'),
(2616, 'TS11', 'Redcar and Cleveland', 'ENG', 'England'),
(2617, 'TS12', 'Redcar and Cleveland', 'ENG', 'England'),
(2618, 'TS13', 'Redcar and Cleveland', 'ENG', 'England'),
(2619, 'TS14', 'Redcar and Cleveland', 'ENG', 'England'),
(2620, 'TS15', 'Stockton-on-Tees', 'ENG', 'England'),
(2621, 'TS16', 'Stockton-on-Tees', 'ENG', 'England'),
(2622, 'TS17', 'Stockton-on-Tees', 'ENG', 'England'),
(2623, 'TS18', 'Stockton-on-Tees', 'ENG', 'England'),
(2624, 'TS19', 'Stockton-on-Tees', 'ENG', 'England'),
(2625, 'TS2', 'Middlesbrough', 'ENG', 'England'),
(2626, 'TS20', 'Stockton-on-Tees', 'ENG', 'England'),
(2627, 'TS21', 'County Durham', 'ENG', 'England'),
(2628, 'TS22', 'Stockton-on-Tees', 'ENG', 'England'),
(2629, 'TS23', 'Stockton-on-Tees', 'ENG', 'England'),
(2630, 'TS24', 'Hartlepool', 'ENG', 'England'),
(2631, 'TS25', 'Hartlepool', 'ENG', 'England'),
(2632, 'TS26', 'Hartlepool', 'ENG', 'England'),
(2633, 'TS27', 'County Durham', 'ENG', 'England'),
(2634, 'TS28', 'County Durham', 'ENG', 'England'),
(2635, 'TS29', 'County Durham', 'ENG', 'England'),
(2636, 'TS3', 'Middlesbrough', 'ENG', 'England'),
(2637, 'TS4', 'Middlesbrough', 'ENG', 'England'),
(2638, 'TS5', 'Middlesbrough', 'ENG', 'England'),
(2639, 'TS6', 'Redcar and Cleveland', 'ENG', 'England'),
(2640, 'TS7', 'Middlesbrough', 'ENG', 'England'),
(2641, 'TS8', 'Middlesbrough', 'ENG', 'England'),
(2642, 'TS9', 'North Yorkshire', 'ENG', 'England'),
(2643, 'TW1', 'Greater London', 'ENG', 'England'),
(2644, 'TW10', 'Greater London', 'ENG', 'England'),
(2645, 'TW11', 'Greater London', 'ENG', 'England'),
(2646, 'TW12', 'Greater London', 'ENG', 'England'),
(2647, 'TW13', 'Greater London', 'ENG', 'England'),
(2648, 'TW14', 'Greater London', 'ENG', 'England'),
(2649, 'TW15', 'Surrey', 'ENG', 'England'),
(2650, 'TW16', 'Surrey', 'ENG', 'England'),
(2651, 'TW17', 'Surrey', 'ENG', 'England'),
(2652, 'TW18', 'Surrey', 'ENG', 'England'),
(2653, 'TW19', 'Surrey', 'ENG', 'England'),
(2654, 'TW2', 'Greater London', 'ENG', 'England'),
(2655, 'TW20', 'Surrey', 'ENG', 'England'),
(2656, 'TW3', 'Greater London', 'ENG', 'England'),
(2657, 'TW4', 'Greater London', 'ENG', 'England'),
(2658, 'TW5', 'Greater London', 'ENG', 'England'),
(2659, 'TW6', 'Greater London', 'ENG', 'England'),
(2660, 'TW7', 'Greater London', 'ENG', 'England'),
(2661, 'TW8', 'Greater London', 'ENG', 'England'),
(2662, 'TW9', 'Greater London', 'ENG', 'England'),
(2663, 'UB1', 'Greater London', 'ENG', 'England'),
(2664, 'UB10', 'Greater London', 'ENG', 'England'),
(2665, 'UB11', 'Greater London', 'ENG', 'England'),
(2666, 'UB2', 'Greater London', 'ENG', 'England'),
(2667, 'UB3', 'Greater London', 'ENG', 'England'),
(2668, 'UB4', 'Greater London', 'ENG', 'England'),
(2669, 'UB5', 'Greater London', 'ENG', 'England'),
(2670, 'UB6', 'Greater London', 'ENG', 'England'),
(2671, 'UB7', 'Greater London', 'ENG', 'England'),
(2672, 'UB8', 'Greater London', 'ENG', 'England'),
(2673, 'UB9', 'Buckinghamshire', 'ENG', 'England'),
(2674, 'W1', 'London', 'ENG', 'England'),
(2675, 'W10', 'Greater London', 'ENG', 'England'),
(2676, 'W11', 'Greater London', 'ENG', 'England'),
(2677, 'W12', 'Greater London', 'ENG', 'England'),
(2678, 'W13', 'Greater London', 'ENG', 'England'),
(2679, 'W14', 'Greater London', 'ENG', 'England'),
(2680, 'W1B', 'London', 'ENG', 'England'),
(2681, 'W1C', 'London', 'ENG', 'England'),
(2682, 'W1D', 'London', 'ENG', 'England'),
(2683, 'W1F', 'London', 'ENG', 'England'),
(2684, 'W1G', 'Greater London', 'ENG', 'England'),
(2685, 'W1H', 'Greater London', 'ENG', 'England'),
(2686, 'W1J', 'London', 'ENG', 'England'),
(2687, 'W1K', 'London', 'ENG', 'England'),
(2688, 'W1M', 'Greater London', 'ENG', 'England'),
(2689, 'W1S', 'London', 'ENG', 'England'),
(2690, 'W1T', 'Greater London', 'ENG', 'England'),
(2691, 'W1U', 'Greater London', 'ENG', 'England'),
(2692, 'W1W', 'Greater London', 'ENG', 'England'),
(2693, 'W2', 'Greater London', 'ENG', 'England'),
(2694, 'W3', 'Greater London', 'ENG', 'England'),
(2695, 'W4', 'Greater London', 'ENG', 'England'),
(2696, 'W5', 'Greater London', 'ENG', 'England'),
(2697, 'W6', 'Greater London', 'ENG', 'England'),
(2698, 'W7', 'Greater London', 'ENG', 'England'),
(2699, 'W8', 'Greater London', 'ENG', 'England'),
(2700, 'W9', 'Greater London', 'ENG', 'England'),
(2701, 'WA1', 'Warrington', 'ENG', 'England'),
(2702, 'WA10', 'St Helens', 'ENG', 'England'),
(2703, 'WA11', 'St Helens', 'ENG', 'England'),
(2704, 'WA12', 'St Helens', 'ENG', 'England'),
(2705, 'WA13', 'Warrington', 'ENG', 'England'),
(2706, 'WA14', 'Trafford', 'ENG', 'England'),
(2707, 'WA15', 'Trafford', 'ENG', 'England'),
(2708, 'WA16', 'Cheshire East', 'ENG', 'England'),
(2709, 'WA2', 'Warrington', 'ENG', 'England'),
(2710, 'WA3', 'Warrington', 'ENG', 'England'),
(2711, 'WA4', 'Warrington', 'ENG', 'England'),
(2712, 'WA5', 'Warrington', 'ENG', 'England'),
(2713, 'WA6', 'Cheshire West and Chester', 'ENG', 'England'),
(2714, 'WA7', 'Halton', 'ENG', 'England'),
(2715, 'WA8', 'Halton', 'ENG', 'England'),
(2716, 'WA9', 'St Helens', 'ENG', 'England'),
(2717, 'WC1', 'Greater London', 'ENG', 'England'),
(2718, 'WC1A', 'Greater London', 'ENG', 'England'),
(2719, 'WC1B', 'Greater London', 'ENG', 'England'),
(2720, 'WC1E', 'Greater London', 'ENG', 'England'),
(2721, 'WC1H', 'Greater London', 'ENG', 'England'),
(2722, 'WC1N', 'Greater London', 'ENG', 'England'),
(2723, 'WC1R', 'Greater London', 'ENG', 'England'),
(2724, 'WC1V', 'Greater London', 'ENG', 'England'),
(2725, 'WC1X', 'Greater London', 'ENG', 'England'),
(2726, 'WC2', 'London', 'ENG', 'England'),
(2727, 'WC2A', 'Greater London', 'ENG', 'England'),
(2728, 'WC2B', 'London', 'ENG', 'England'),
(2729, 'WC2E', 'London', 'ENG', 'England'),
(2730, 'WC2H', 'Greater London', 'ENG', 'England'),
(2731, 'WC2N', 'London', 'ENG', 'England'),
(2732, 'WC2R', 'London', 'ENG', 'England'),
(2733, 'WD1', 'Hertfordshire', 'ENG', 'England'),
(2734, 'WD17', 'Hertfordshire', 'ENG', 'England'),
(2735, 'WD18', 'Hertfordshire', 'ENG', 'England'),
(2736, 'WD19', 'Hertfordshire', 'ENG', 'England'),
(2737, 'WD2', 'Hertfordshire', 'ENG', 'England'),
(2738, 'WD23', 'Hertfordshire', 'ENG', 'England'),
(2739, 'WD24', 'Hertfordshire', 'ENG', 'England'),
(2740, 'WD25', 'Hertfordshire', 'ENG', 'England'),
(2741, 'WD3', 'Hertfordshire', 'ENG', 'England'),
(2742, 'WD4', 'Hertfordshire', 'ENG', 'England'),
(2743, 'WD5', 'Hertfordshire', 'ENG', 'England'),
(2744, 'WD6', 'Hertfordshire', 'ENG', 'England'),
(2745, 'WD7', 'Hertfordshire', 'ENG', 'England'),
(2746, 'WF1', 'Wakefield', 'ENG', 'England'),
(2747, 'WF10', 'Wakefield', 'ENG', 'England'),
(2748, 'WF11', 'Wakefield', 'ENG', 'England'),
(2749, 'WF12', 'Kirklees', 'ENG', 'England'),
(2750, 'WF13', 'Kirklees', 'ENG', 'England'),
(2751, 'WF14', 'Kirklees', 'ENG', 'England'),
(2752, 'WF15', 'Kirklees', 'ENG', 'England'),
(2753, 'WF16', 'Kirklees', 'ENG', 'England'),
(2754, 'WF17', 'Kirklees', 'ENG', 'England'),
(2755, 'WF2', 'Wakefield', 'ENG', 'England'),
(2756, 'WF3', 'Leeds', 'ENG', 'England'),
(2757, 'WF4', 'Wakefield', 'ENG', 'England'),
(2758, 'WF5', 'Wakefield', 'ENG', 'England'),
(2759, 'WF6', 'Wakefield', 'ENG', 'England'),
(2760, 'WF7', 'Wakefield', 'ENG', 'England'),
(2761, 'WF8', 'Wakefield', 'ENG', 'England'),
(2762, 'WF9', 'Wakefield', 'ENG', 'England'),
(2763, 'WN1', 'Wigan', 'ENG', 'England'),
(2764, 'WN2', 'Wigan', 'ENG', 'England'),
(2765, 'WN3', 'Wigan', 'ENG', 'England'),
(2766, 'WN4', 'Wigan', 'ENG', 'England'),
(2767, 'WN5', 'Wigan', 'ENG', 'England'),
(2768, 'WN6', 'Wigan', 'ENG', 'England'),
(2769, 'WN7', 'Wigan', 'ENG', 'England'),
(2770, 'WN8', 'Lancashire', 'ENG', 'England'),
(2771, 'WR1', 'Worcester', 'ENG', 'England'),
(2772, 'WR10', 'Worcestershire', 'ENG', 'England'),
(2773, 'WR11', 'Worcestershire', 'ENG', 'England'),
(2774, 'WR12', 'Worcestershire', 'ENG', 'England'),
(2775, 'WR13', 'County of Herefordshire', 'ENG', 'England'),
(2776, 'WR14', 'Worcestershire', 'ENG', 'England'),
(2777, 'WR15', 'Worcestershire', 'ENG', 'England'),
(2778, 'WR2', 'Worcester', 'ENG', 'England'),
(2779, 'WR3', 'Worcester', 'ENG', 'England'),
(2780, 'WR4', 'Worcester', 'ENG', 'England'),
(2781, 'WR5', 'Worcester', 'ENG', 'England'),
(2782, 'WR6', 'Worcestershire', 'ENG', 'England'),
(2783, 'WR7', 'Worcestershire', 'ENG', 'England'),
(2784, 'WR8', 'Worcestershire', 'ENG', 'England'),
(2785, 'WR9', 'Worcestershire', 'ENG', 'England'),
(2786, 'WS1', 'Walsall', 'ENG', 'England'),
(2787, 'WS10', 'Sandwell', 'ENG', 'England'),
(2788, 'WS11', 'Staffordshire', 'ENG', 'England'),
(2789, 'WS12', 'Staffordshire', 'ENG', 'England'),
(2790, 'WS13', 'Staffordshire', 'ENG', 'England'),
(2791, 'WS14', 'Staffordshire', 'ENG', 'England'),
(2792, 'WS15', 'Staffordshire', 'ENG', 'England'),
(2793, 'WS2', 'Walsall', 'ENG', 'England'),
(2794, 'WS3', 'Walsall', 'ENG', 'England'),
(2795, 'WS4', 'Walsall', 'ENG', 'England'),
(2796, 'WS5', 'Walsall', 'ENG', 'England'),
(2797, 'WS6', 'Staffordshire', 'ENG', 'England'),
(2798, 'WS7', 'Staffordshire', 'ENG', 'England'),
(2799, 'WS8', 'Walsall', 'ENG', 'England'),
(2800, 'WS9', 'Walsall', 'ENG', 'England'),
(2801, 'WV1', 'Wolverhampton', 'ENG', 'England'),
(2802, 'WV10', 'Wolverhampton', 'ENG', 'England'),
(2803, 'WV11', 'Wolverhampton', 'ENG', 'England'),
(2804, 'WV12', 'Walsall', 'ENG', 'England'),
(2805, 'WV13', 'Walsall', 'ENG', 'England'),
(2806, 'WV14', 'Wolverhampton', 'ENG', 'England'),
(2807, 'WV15', 'Shropshire', 'ENG', 'England'),
(2808, 'WV16', 'Shropshire', 'ENG', 'England'),
(2809, 'WV2', 'Wolverhampton', 'ENG', 'England'),
(2810, 'WV3', 'Wolverhampton', 'ENG', 'England'),
(2811, 'WV4', 'Wolverhampton', 'ENG', 'England'),
(2812, 'WV5', 'Staffordshire', 'ENG', 'England'),
(2813, 'WV6', 'Wolverhampton', 'ENG', 'England'),
(2814, 'WV7', 'Shropshire', 'ENG', 'England'),
(2815, 'WV8', 'Staffordshire', 'ENG', 'England'),
(2816, 'WV9', 'Wolverhampton', 'ENG', 'England'),
(2817, 'YO1', 'York', 'ENG', 'England'),
(2818, 'YO10', 'York', 'ENG', 'England'),
(2819, 'YO11', 'North Yorkshire', 'ENG', 'England'),
(2820, 'YO12', 'North Yorkshire', 'ENG', 'England'),
(2821, 'YO13', 'North Yorkshire', 'ENG', 'England'),
(2822, 'YO14', 'North Yorkshire', 'ENG', 'England'),
(2823, 'YO15', 'East Riding of Yorkshire', 'ENG', 'England'),
(2824, 'YO16', 'East Riding of Yorkshire', 'ENG', 'England'),
(2825, 'YO17', 'North Yorkshire', 'ENG', 'England'),
(2826, 'YO18', 'North Yorkshire', 'ENG', 'England'),
(2827, 'YO19', 'York', 'ENG', 'England'),
(2828, 'YO21', 'North Yorkshire', 'ENG', 'England'),
(2829, 'YO22', 'North Yorkshire', 'ENG', 'England'),
(2830, 'YO23', 'York', 'ENG', 'England'),
(2831, 'YO24', 'York', 'ENG', 'England'),
(2832, 'YO25', 'East Riding of Yorkshire', 'ENG', 'England'),
(2833, 'YO26', 'York', 'ENG', 'England'),
(2834, 'YO30', 'York', 'ENG', 'England'),
(2835, 'YO31', 'York', 'ENG', 'England'),
(2836, 'YO32', 'York', 'ENG', 'England'),
(2837, 'YO41', 'East Riding of Yorkshire', 'ENG', 'England'),
(2838, 'YO42', 'East Riding of Yorkshire', 'ENG', 'England'),
(2839, 'YO43', 'East Riding of Yorkshire', 'ENG', 'England'),
(2840, 'YO51', 'North Yorkshire', 'ENG', 'England'),
(2841, 'YO60', 'North Yorkshire', 'ENG', 'England'),
(2842, 'YO61', 'North Yorkshire', 'ENG', 'England'),
(2843, 'YO62', 'North Yorkshire', 'ENG', 'England'),
(2844, 'YO7', 'North Yorkshire', 'ENG', 'England'),
(2845, 'YO8', 'North Yorkshire', 'ENG', 'England'),
(2846, 'ZE1', 'Shetland Islands', 'SCT', 'Scotland'),
(2847, 'ZE2', 'Shetland Islands', 'SCT', 'Scotland'),
(2848, 'ZE3', 'Shetland Islands', 'SCT', 'Scotland');

-- --------------------------------------------------------

--
-- Table structure for table `customers`
--

CREATE TABLE IF NOT EXISTS `customers` (
  `id` int(11) NOT NULL AUTO_INCREMENT,
  `reference` varchar(150) COLLATE utf8_unicode_ci NOT NULL,
  `contract_value` decimal(4,2) NOT NULL,
  `company_id` int(11) NOT NULL,
  `date_id` int(11) NOT NULL,
  `master_id` int(11) NOT NULL,
  `individual` tinyint(4) NOT NULL,
  PRIMARY KEY (`id`)
) ENGINE=InnoDB  DEFAULT CHARSET=utf8 COLLATE=utf8_unicode_ci AUTO_INCREMENT=3 ;

--
-- Dumping data for table `customers`
--

INSERT INTO `customers` (`id`, `reference`, `contract_value`, `company_id`, `date_id`, `master_id`, `individual`) VALUES
(1, '#R&#03', '0.00', 3, 10, 1, 1),
(2, '##04', '0.00', 4, 11, 1, 1);

-- --------------------------------------------------------

--
-- Table structure for table `customer_folders`
--

CREATE TABLE IF NOT EXISTS `customer_folders` (
  `id` int(11) NOT NULL AUTO_INCREMENT,
  `company_id` int(11) NOT NULL,
  `folder_id` int(11) NOT NULL,
  `user_id` int(11) NOT NULL,
  PRIMARY KEY (`id`)
) ENGINE=InnoDB  DEFAULT CHARSET=latin1 AUTO_INCREMENT=3 ;

--
-- Dumping data for table `customer_folders`
--

INSERT INTO `customer_folders` (`id`, `company_id`, `folder_id`, `user_id`) VALUES
(1, 3, 1, 1),
(2, 3, 2, 1);

-- --------------------------------------------------------

--
-- Table structure for table `date`
--

CREATE TABLE IF NOT EXISTS `date` (
  `id` int(11) NOT NULL AUTO_INCREMENT,
  `date` datetime NOT NULL,
  PRIMARY KEY (`id`)
) ENGINE=InnoDB  DEFAULT CHARSET=utf8 COLLATE=utf8_unicode_ci AUTO_INCREMENT=616 ;

--
-- Dumping data for table `date`
--

INSERT INTO `date` (`id`, `date`) VALUES
(1, '1982-03-30 00:00:00'),
(2, '0000-00-00 00:00:00'),
(3, '2014-12-05 17:04:26'),
(4, '1976-03-08 00:00:00'),
(6, '2014-12-05 17:16:59'),
(7, '1977-12-02 00:00:00'),
(9, '2014-08-13 00:00:00'),
(10, '2014-12-05 17:28:06'),
(11, '2014-12-05 17:28:56'),
(12, '2014-11-17 00:00:00'),
(13, '2015-12-05 00:00:00'),
(14, '2014-12-05 17:31:32'),
(15, '2014-12-08 00:00:00'),
(16, '2014-12-31 00:00:00'),
(17, '2014-12-05 17:36:44'),
(18, '2014-12-08 09:01:02'),
(19, '2014-12-08 00:00:00'),
(20, '2014-12-09 00:00:00'),
(21, '2014-12-09 00:00:00'),
(22, '2014-12-09 00:00:00'),
(23, '2014-12-08 00:00:00'),
(24, '2014-12-08 00:00:00'),
(25, '2014-12-09 09:12:22'),
(26, '2014-12-09 00:00:00'),
(27, '2014-12-09 14:00:07'),
(28, '2014-12-09 14:01:56'),
(29, '2014-12-09 00:00:00'),
(30, '2014-12-09 15:20:06'),
(31, '2014-12-09 00:00:00'),
(32, '2014-12-09 15:34:36'),
(33, '2014-12-09 15:39:29'),
(34, '2014-12-09 15:40:19'),
(35, '2014-12-09 15:42:26'),
(36, '2014-12-09 00:00:00'),
(37, '2014-12-09 00:00:00'),
(38, '2014-12-09 00:00:00'),
(39, '2014-12-09 00:00:00'),
(40, '2014-12-09 00:00:00'),
(41, '2014-12-09 16:07:10'),
(42, '2014-12-09 16:52:09'),
(43, '2014-12-09 16:52:20'),
(44, '2014-12-18 00:00:00'),
(45, '2014-12-12 00:00:00'),
(46, '2014-12-31 00:00:00'),
(47, '2014-08-03 00:00:00'),
(48, '2014-12-10 16:06:58'),
(49, '2014-12-10 16:12:58'),
(50, '2014-12-11 10:01:57'),
(51, '2014-12-10 00:00:00'),
(52, '2014-12-26 00:00:00'),
(53, '1988-01-01 00:00:00'),
(55, '2014-12-11 10:11:49'),
(56, '1988-01-01 00:00:00'),
(57, '2014-12-11 10:12:06'),
(58, '2014-12-11 10:12:06'),
(59, '2014-12-11 10:39:10'),
(60, '2014-12-11 00:00:00'),
(61, '2014-12-11 11:15:07'),
(62, '2014-12-11 11:42:49'),
(63, '2014-12-11 00:00:00'),
(64, '2014-12-11 12:26:10'),
(65, '2014-12-11 14:02:04'),
(66, '2014-12-11 16:47:18'),
(67, '2014-12-15 09:45:24'),
(68, '2014-12-15 15:08:18'),
(69, '2014-12-16 10:36:35'),
(70, '2014-12-18 16:17:15'),
(71, '2014-12-18 16:46:11'),
(72, '2015-01-06 11:10:44'),
(73, '2015-01-06 00:00:00'),
(74, '2015-01-06 00:00:00'),
(75, '2014-11-05 00:00:00'),
(76, '2014-11-06 00:00:00'),
(77, '2015-01-06 00:00:00'),
(78, '2015-01-06 00:00:00'),
(79, '2015-01-04 00:00:00'),
(80, '2015-01-05 00:00:00'),
(81, '2014-11-03 00:00:00'),
(82, '2014-11-04 00:00:00'),
(83, '2014-08-05 00:00:00'),
(84, '2015-01-07 10:16:09'),
(85, '2015-01-08 10:17:39'),
(86, '2015-01-08 00:00:00'),
(87, '2015-01-13 00:00:00'),
(88, '2015-01-08 00:00:00'),
(89, '2015-01-22 00:00:00'),
(90, '2015-01-09 10:25:43'),
(91, '2015-01-09 18:10:40'),
(92, '2015-01-09 18:27:55'),
(93, '2015-01-10 12:26:47'),
(94, '2015-01-10 19:11:10'),
(95, '2015-01-10 20:01:25'),
(96, '2015-01-13 11:00:26'),
(97, '2015-01-14 10:38:49'),
(98, '2015-01-14 14:30:38'),
(99, '2015-01-14 14:32:18'),
(100, '2015-01-14 15:00:26'),
(101, '2015-01-14 15:21:42'),
(102, '2015-01-14 15:22:57'),
(103, '2015-01-14 15:33:05'),
(104, '2015-01-14 15:34:19'),
(105, '2015-01-14 15:37:04'),
(106, '2015-01-14 15:40:00'),
(107, '2015-01-14 15:45:41'),
(108, '2015-01-14 15:46:24'),
(109, '2015-01-14 15:47:18'),
(110, '2015-01-15 10:08:02'),
(111, '2015-01-15 11:22:36'),
(112, '2015-01-15 11:23:53'),
(113, '2015-01-15 11:32:17'),
(114, '2015-01-15 11:33:06'),
(115, '2015-01-15 15:02:16'),
(116, '2015-01-16 12:27:07'),
(117, '2015-01-17 17:10:04'),
(118, '2015-01-20 10:06:41'),
(119, '2015-01-20 11:10:22'),
(120, '2015-01-20 16:39:38'),
(121, '2015-01-21 13:03:23'),
(122, '2015-01-21 13:18:00'),
(123, '2015-01-21 14:00:53'),
(124, '2015-01-21 14:32:19'),
(125, '2015-01-22 10:05:11'),
(126, '2015-01-23 15:07:21'),
(127, '2015-01-26 10:17:09'),
(128, '2015-01-26 13:05:54'),
(129, '2015-01-27 10:34:35'),
(130, '2015-01-28 10:05:57'),
(131, '2015-01-29 10:09:13'),
(132, '2015-02-02 10:36:18'),
(133, '2015-02-02 12:31:20'),
(134, '2015-02-02 15:53:29'),
(135, '1967-12-01 00:00:00'),
(136, '2015-02-02 19:00:29'),
(137, '2015-02-02 19:00:29'),
(138, '1967-12-01 00:00:00'),
(139, '2015-02-02 19:00:52'),
(140, '2015-02-02 19:00:52'),
(141, '1967-12-01 00:00:00'),
(142, '2015-02-02 19:40:57'),
(143, '2015-02-02 19:40:57'),
(144, '1967-12-01 00:00:00'),
(145, '2015-02-02 19:41:26'),
(146, '2015-02-02 19:41:26'),
(147, '1967-12-01 00:00:00'),
(149, '2015-02-02 19:43:07'),
(150, '2015-02-03 15:02:07'),
(159, '2015-02-04 12:19:18'),
(162, '2015-02-04 13:28:37'),
(183, '2015-02-04 16:57:29'),
(184, '2015-02-05 14:43:44'),
(185, '2015-02-05 14:44:06'),
(190, '2015-02-05 17:12:33'),
(191, '2015-02-05 17:12:50'),
(194, '2015-02-05 17:29:59'),
(215, '2015-02-05 19:34:48'),
(224, '2015-02-19 00:00:00'),
(225, '2015-02-20 00:00:00'),
(226, '2015-02-06 11:24:58'),
(227, '2015-02-06 11:28:56'),
(228, '2015-02-06 11:31:40'),
(229, '2015-02-06 11:33:25'),
(230, '2015-02-06 11:36:37'),
(231, '2015-02-06 15:25:41'),
(232, '2015-02-02 00:00:00'),
(233, '2015-04-30 00:00:00'),
(234, '2015-02-06 16:34:58'),
(235, '2015-02-06 19:06:39'),
(236, '2015-02-06 19:52:58'),
(237, '2015-02-07 11:41:17'),
(238, '2015-02-09 10:37:28'),
(239, '2015-02-01 00:00:00'),
(240, '2015-02-09 10:38:52'),
(241, '2015-02-09 10:40:09'),
(242, '2015-02-09 10:48:42'),
(243, '2015-02-09 00:00:00'),
(244, '2016-02-09 00:00:00'),
(245, '2015-02-09 10:54:20'),
(246, '2015-02-09 00:00:00'),
(247, '2016-02-09 00:00:00'),
(248, '2015-02-09 10:54:37'),
(249, '2015-02-02 00:00:00'),
(250, '2015-02-04 00:00:00'),
(251, '2015-02-03 00:00:00'),
(252, '2015-02-03 00:00:00'),
(253, '2015-02-05 00:00:00'),
(254, '2015-02-05 00:00:00'),
(255, '2015-02-09 00:00:00'),
(256, '2015-02-05 00:00:00'),
(257, '2015-02-08 00:00:00'),
(258, '2015-02-09 00:00:00'),
(259, '2014-12-09 00:00:00'),
(260, '2015-01-05 00:00:00'),
(261, '2015-01-29 00:00:00'),
(262, '2015-01-27 00:00:00'),
(263, '2015-02-09 12:52:35'),
(264, '2015-02-09 13:22:02'),
(265, '2015-02-09 00:00:00'),
(266, '2015-02-09 14:48:29'),
(267, '2015-02-10 14:42:25'),
(268, '2015-02-10 17:56:56'),
(269, '2015-02-11 10:58:19'),
(270, '2015-02-12 10:30:43'),
(271, '2015-02-12 13:20:31'),
(272, '2015-02-12 18:50:08'),
(273, '2015-02-12 18:50:52'),
(274, '2015-02-13 10:17:43'),
(275, '2015-02-13 16:52:43'),
(276, '2015-02-13 16:54:03'),
(277, '2015-02-13 16:54:55'),
(278, '2015-02-13 16:55:43'),
(279, '2015-02-13 16:56:14'),
(280, '2015-02-13 17:11:07'),
(281, '2015-02-13 17:22:39'),
(282, '2015-02-13 17:24:22'),
(283, '2015-02-13 17:43:36'),
(284, '2015-02-13 17:48:06'),
(285, '2015-02-13 17:54:44'),
(286, '2015-02-13 17:57:40'),
(287, '2015-02-13 17:58:31'),
(288, '2015-02-13 17:58:59'),
(289, '2015-02-13 18:09:10'),
(290, '2015-02-13 19:15:13'),
(291, '2015-02-13 19:31:03'),
(292, '2015-02-13 19:33:02'),
(293, '2015-02-13 19:35:57'),
(294, '2015-02-14 15:53:43'),
(295, '2015-02-14 19:49:53'),
(296, '2015-02-14 19:51:08'),
(297, '2015-02-14 19:52:14'),
(298, '2015-02-14 20:10:25'),
(299, '2015-02-14 20:11:44'),
(300, '2015-02-15 15:56:26'),
(301, '2015-02-15 16:05:38'),
(302, '2015-02-21 16:16:04'),
(303, '2015-02-21 16:34:08'),
(304, '2015-02-26 20:00:35'),
(305, '2015-02-27 13:20:39'),
(306, '2015-02-28 11:20:55'),
(307, '2015-03-07 12:31:41'),
(308, '2015-03-07 15:22:42'),
(309, '2015-03-07 15:26:57'),
(310, '2015-03-07 15:28:41'),
(311, '2015-03-07 16:14:45'),
(312, '2015-03-08 11:48:23'),
(313, '2015-03-08 15:40:03'),
(314, '2015-03-08 17:57:35'),
(315, '2015-03-09 10:29:45'),
(316, '2015-03-09 12:57:08'),
(317, '2015-03-09 13:04:23'),
(318, '2015-03-09 13:14:46'),
(319, '2015-03-09 13:31:20'),
(320, '2015-03-09 13:36:54'),
(321, '2015-03-09 13:59:36'),
(322, '2015-03-09 14:06:00'),
(323, '2015-03-09 14:26:06'),
(324, '2015-03-09 17:11:16'),
(325, '2015-03-09 17:22:21'),
(326, '2015-03-09 17:28:36'),
(327, '2015-03-09 18:04:32'),
(328, '2015-03-09 18:05:17'),
(329, '2015-03-09 18:06:05'),
(330, '2015-03-09 18:24:18'),
(331, '2015-03-09 18:26:06'),
(332, '2015-03-09 18:26:51'),
(333, '2015-03-09 18:27:56'),
(334, '2015-03-09 18:28:35'),
(335, '2015-03-09 18:29:17'),
(336, '2015-03-09 18:30:48'),
(337, '2015-03-09 18:32:22'),
(338, '2015-03-09 18:33:49'),
(339, '2015-03-12 12:21:52'),
(340, '2015-03-14 10:58:36'),
(341, '2015-03-14 11:00:35'),
(342, '2015-03-14 12:53:43'),
(343, '2015-03-14 16:24:54'),
(344, '2015-03-21 10:06:38'),
(345, '2015-03-21 10:07:36'),
(346, '2015-03-21 10:45:46'),
(347, '2015-03-21 12:43:14'),
(348, '2015-03-21 12:44:54'),
(349, '2015-03-21 12:54:07'),
(350, '2015-03-21 13:17:36'),
(351, '2015-03-21 13:29:50'),
(352, '2015-03-21 15:33:03'),
(353, '2015-03-22 12:45:19'),
(354, '2015-03-22 12:57:42'),
(355, '2015-03-22 13:04:02'),
(356, '2015-03-22 13:35:09'),
(357, '2015-03-22 13:45:42'),
(358, '2015-03-22 13:46:00'),
(359, '2015-03-22 13:46:50'),
(360, '2015-03-22 14:05:03'),
(361, '2015-03-22 14:07:04'),
(362, '2015-03-22 14:17:10'),
(363, '2015-03-22 14:17:32'),
(364, '2015-03-22 14:25:37'),
(365, '2015-03-22 14:26:37'),
(366, '2015-03-22 14:54:12'),
(367, '2015-03-22 14:56:40'),
(368, '2015-03-22 17:35:56'),
(369, '2015-03-22 17:36:19'),
(370, '2015-03-22 17:57:27'),
(371, '2015-03-22 17:58:10'),
(372, '2015-03-22 18:13:29'),
(373, '2015-03-22 18:14:19'),
(374, '2015-03-22 18:42:05'),
(375, '2015-03-28 12:04:29'),
(376, '2015-03-28 13:38:04'),
(377, '2015-03-28 14:23:31'),
(378, '2015-03-28 14:59:21'),
(379, '2015-03-28 15:18:42'),
(380, '2015-03-28 15:28:36'),
(381, '2015-03-28 15:29:10'),
(382, '2015-04-03 14:00:01'),
(383, '1982-03-30 00:00:00'),
(385, '2015-04-03 14:58:29'),
(386, '1995-04-08 00:00:00'),
(388, '2015-04-03 15:04:24'),
(389, '2015-04-04 10:10:37'),
(390, '1983-04-10 00:00:00'),
(391, '2015-04-04 13:07:31'),
(392, '2015-04-04 13:07:31'),
(393, '1983-04-10 00:00:00'),
(395, '2015-04-04 13:22:10'),
(396, '2015-04-04 13:44:12'),
(397, '2015-04-04 17:53:44'),
(398, '1999-03-13 00:00:00'),
(399, '2015-04-04 17:55:23'),
(400, '2015-04-04 17:55:23'),
(401, '1999-03-13 00:00:00'),
(403, '2015-04-04 17:55:33'),
(404, '1999-03-13 00:00:00'),
(406, '2015-04-04 17:55:44'),
(407, '1999-03-13 00:00:00'),
(409, '2015-04-04 17:56:04'),
(410, '1992-03-07 00:00:00'),
(412, '2015-04-04 17:58:20'),
(413, '1992-03-07 00:00:00'),
(414, '2015-04-04 17:59:27'),
(415, '2015-04-04 17:59:27'),
(416, '1991-02-25 00:00:00'),
(417, '2015-04-04 19:01:43'),
(418, '2015-04-04 19:01:43'),
(419, '1967-12-01 00:00:00'),
(420, '2015-04-04 19:08:29'),
(421, '2015-04-04 19:08:29'),
(422, '2015-04-05 12:17:21'),
(423, '2015-04-05 12:43:09'),
(424, '2015-04-05 12:50:13'),
(425, '2015-04-05 12:50:19'),
(426, '2015-04-05 12:52:27'),
(427, '2015-04-05 12:54:13'),
(428, '2015-04-05 13:08:01'),
(429, '2015-04-05 13:14:06'),
(430, '2015-04-05 13:15:31'),
(431, '2015-04-05 13:19:40'),
(432, '2015-04-05 13:38:49'),
(433, '2015-04-05 13:41:36'),
(434, '2015-04-05 14:08:14'),
(435, '2015-04-06 11:33:02'),
(436, '2015-04-06 11:33:34'),
(437, '2015-04-06 11:48:12'),
(438, '2015-04-06 11:49:54'),
(439, '2015-04-06 11:51:31'),
(440, '2015-04-06 11:53:38'),
(441, '2015-04-06 11:54:32'),
(442, '2015-04-06 11:54:57'),
(443, '2015-04-06 11:55:37'),
(444, '2015-04-06 11:56:07'),
(445, '2015-04-06 14:54:13'),
(446, '2015-04-06 15:27:04'),
(447, '2015-04-06 15:34:56'),
(448, '2015-04-06 15:36:04'),
(449, '2015-04-06 15:37:24'),
(450, '2015-04-06 15:51:43'),
(451, '2015-04-06 16:20:51'),
(452, '2015-04-06 16:31:01'),
(453, '2015-04-06 16:39:38'),
(454, '2015-04-06 16:52:40'),
(455, '2015-04-06 16:58:32'),
(456, '2015-04-06 17:00:09'),
(457, '2015-04-06 17:00:56'),
(458, '2015-04-06 17:11:16'),
(459, '2015-04-06 17:17:10'),
(460, '2015-04-06 17:17:55'),
(461, '2015-04-06 17:18:35'),
(462, '2015-04-06 17:24:16'),
(463, '2015-04-06 17:24:39'),
(464, '2015-04-06 17:25:19'),
(465, '2015-04-13 18:51:30'),
(466, '2015-04-16 18:30:41'),
(467, '2015-04-18 11:26:06'),
(468, '2015-04-18 18:13:12'),
(469, '2015-04-18 18:13:16'),
(470, '2015-04-19 12:13:43'),
(471, '2015-04-19 13:09:36'),
(472, '2015-04-19 13:26:52'),
(473, '2015-04-19 13:36:14'),
(474, '2015-04-19 13:37:10'),
(475, '2015-04-19 15:31:23'),
(476, '2015-04-19 15:32:06'),
(477, '2015-04-19 15:34:55'),
(478, '2015-04-19 15:59:52'),
(479, '2015-04-19 16:00:59'),
(480, '2015-04-19 16:04:21'),
(481, '2015-04-19 16:05:44'),
(482, '2015-04-19 16:08:55'),
(483, '2015-04-19 16:09:46'),
(484, '2015-04-25 10:20:42'),
(485, '2015-04-25 14:39:12'),
(486, '2015-04-25 15:27:19'),
(487, '2015-04-25 15:36:19'),
(488, '2015-04-25 16:26:20'),
(489, '2015-04-25 16:27:04'),
(490, '2015-04-25 16:28:00'),
(491, '2015-04-25 16:31:04'),
(492, '2015-04-25 16:32:51'),
(493, '2015-04-25 16:38:27'),
(494, '2015-04-25 16:40:20'),
(495, '2015-04-25 16:41:02'),
(496, '2015-04-25 16:41:11'),
(497, '2015-04-25 16:41:15'),
(498, '2015-04-25 16:41:30'),
(499, '2015-04-25 16:41:31'),
(500, '2015-04-25 16:41:31'),
(501, '2015-04-25 16:41:31'),
(502, '2015-04-25 16:51:50'),
(503, '2015-04-25 16:54:57'),
(504, '2015-04-25 16:56:14'),
(505, '2015-04-25 16:58:06'),
(506, '2015-04-25 17:00:27'),
(507, '2015-04-25 17:02:23'),
(508, '2015-04-25 17:08:09'),
(509, '2015-04-25 17:10:09'),
(510, '2015-04-25 17:21:25'),
(511, '2015-04-25 17:32:51'),
(512, '2015-04-25 17:38:41'),
(513, '2015-04-25 17:38:59'),
(514, '2015-04-25 17:39:40'),
(515, '2015-04-26 12:30:38'),
(516, '2015-04-26 12:38:27'),
(517, '2015-04-26 13:04:48'),
(518, '2015-04-26 13:05:32'),
(519, '2015-04-26 13:08:21'),
(520, '2015-04-26 13:11:11'),
(521, '2015-04-26 13:18:22'),
(522, '2015-04-26 13:18:59'),
(523, '2015-04-26 13:22:12'),
(524, '2015-04-26 13:23:01'),
(525, '2015-04-26 13:35:39'),
(526, '2015-04-26 14:00:34'),
(527, '2015-04-26 14:01:10'),
(528, '2015-04-26 14:11:19'),
(529, '2015-04-26 14:32:17'),
(530, '2015-04-26 15:12:16'),
(531, '2015-04-26 15:12:51'),
(532, '2015-04-26 15:14:40'),
(533, '2015-04-26 15:32:07'),
(534, '2015-04-26 15:34:46'),
(535, '2015-04-27 19:15:21'),
(536, '2015-05-02 11:35:00'),
(537, '2015-05-03 13:47:41'),
(538, '2015-05-03 13:50:38'),
(539, '2015-05-03 13:50:38'),
(540, '2015-05-03 14:32:23'),
(541, '2015-05-04 12:25:42'),
(542, '2015-05-09 12:35:12'),
(543, '2015-05-09 12:36:23'),
(544, '2015-05-10 13:19:02'),
(545, '2015-05-16 10:39:57'),
(546, '2015-05-16 11:25:24'),
(547, '2015-05-17 10:20:56'),
(548, '2015-05-24 11:21:22'),
(549, '2015-05-25 14:34:26'),
(550, '2015-05-25 17:00:06'),
(551, '2015-05-25 17:46:42'),
(552, '2015-05-25 20:16:58'),
(553, '2015-05-26 15:02:21'),
(554, '2015-05-26 18:35:10'),
(555, '2015-05-26 18:41:47'),
(556, '2015-05-28 08:18:06'),
(557, '2015-05-28 10:58:04'),
(558, '2015-05-31 11:25:02'),
(559, '2015-05-31 15:43:35'),
(560, '2015-05-31 15:52:57'),
(561, '2015-06-10 00:00:00'),
(562, '2015-06-10 00:00:00'),
(563, '2015-05-31 16:14:01'),
(564, '2015-06-01 07:13:53'),
(565, '2015-06-01 08:10:08'),
(566, '2015-06-03 13:58:47'),
(567, '2015-06-04 20:40:03'),
(568, '2015-06-05 11:22:02'),
(569, '2015-06-06 14:20:25'),
(570, '2015-06-30 00:00:00'),
(571, '2015-07-28 00:00:00'),
(572, '2015-06-06 14:46:17'),
(573, '2015-06-06 15:03:22'),
(574, '2015-06-06 15:05:37'),
(575, '2015-06-11 15:28:50'),
(576, '2015-06-12 08:44:58'),
(577, '2015-06-14 09:18:05'),
(578, '2015-06-14 11:59:47'),
(579, '2015-06-16 17:54:53'),
(580, '2015-06-19 17:16:17'),
(581, '2015-06-20 15:09:27'),
(582, '2015-06-21 09:59:57'),
(583, '2015-06-21 10:05:39'),
(584, '2015-06-21 10:06:02'),
(585, '2015-06-21 10:06:35'),
(586, '2015-06-21 10:24:36'),
(587, '2015-06-21 00:00:00'),
(588, '2015-06-21 10:25:46'),
(589, '2015-06-21 14:03:28'),
(590, '2015-06-22 08:12:49'),
(591, '2015-06-23 10:17:01'),
(592, '2015-06-23 10:49:52'),
(593, '2015-06-24 13:53:02'),
(594, '2015-06-24 13:54:21'),
(595, '2015-06-24 17:18:48'),
(596, '2015-06-25 05:41:37'),
(597, '2015-06-25 14:56:43'),
(598, '2015-06-26 08:43:03'),
(599, '2015-06-26 09:14:07'),
(600, '2015-06-26 12:09:32'),
(601, '2015-06-26 18:28:57'),
(602, '2015-06-27 08:25:16'),
(603, '2015-06-27 08:59:24'),
(604, '2015-06-27 09:44:07'),
(605, '2015-06-28 07:43:44'),
(606, '2015-06-30 10:45:19'),
(607, '2015-07-02 08:16:27'),
(608, '2015-07-09 14:16:30'),
(609, '2015-07-09 14:48:46'),
(610, '2015-07-13 12:50:39'),
(611, '2015-07-17 11:30:42'),
(612, '2015-08-13 09:22:42'),
(613, '2015-08-13 09:35:07'),
(614, '2015-08-13 09:43:35'),
(615, '2015-08-18 00:08:41');

-- --------------------------------------------------------

--
-- Table structure for table `days`
--

CREATE TABLE IF NOT EXISTS `days` (
  `id` int(11) NOT NULL AUTO_INCREMENT,
  `sunday` tinyint(4) NOT NULL,
  `monday` tinyint(4) NOT NULL,
  `tuesday` tinyint(4) NOT NULL,
  `wednesday` tinyint(4) NOT NULL,
  `thursday` tinyint(4) NOT NULL,
  `friday` tinyint(4) NOT NULL,
  `saturday` tinyint(4) NOT NULL,
  PRIMARY KEY (`id`)
) ENGINE=InnoDB  DEFAULT CHARSET=latin1 AUTO_INCREMENT=14 ;

--
-- Dumping data for table `days`
--

INSERT INTO `days` (`id`, `sunday`, `monday`, `tuesday`, `wednesday`, `thursday`, `friday`, `saturday`) VALUES
(1, 0, 1, 0, 1, 0, 1, 0),
(2, 0, 1, 1, 0, 0, 0, 0),
(3, 0, 1, 1, 0, 0, 0, 0),
(4, 0, 1, 0, 0, 0, 0, 0),
(5, 0, 1, 0, 0, 0, 0, 0),
(6, 0, 0, 0, 0, 0, 0, 0),
(7, 0, 1, 1, 0, 0, 0, 0),
(8, 0, 1, 0, 0, 0, 1, 0),
(9, 1, 1, 0, 0, 0, 0, 0),
(10, 1, 1, 0, 0, 0, 0, 0),
(11, 0, 1, 1, 0, 0, 0, 0),
(12, 0, 1, 1, 1, 0, 0, 0),
(13, 0, 0, 0, 1, 0, 0, 0);

-- --------------------------------------------------------

--
-- Table structure for table `events`
--

CREATE TABLE IF NOT EXISTS `events` (
  `id` int(11) NOT NULL AUTO_INCREMENT,
  `logs_id` int(11) NOT NULL,
  `event` varchar(255) COLLATE utf8_unicode_ci NOT NULL,
  `time` timestamp NOT NULL DEFAULT CURRENT_TIMESTAMP ON UPDATE CURRENT_TIMESTAMP,
  `master_id` int(11) NOT NULL,
  `status` int(11) NOT NULL,
  PRIMARY KEY (`id`)
) ENGINE=InnoDB  DEFAULT CHARSET=utf8 COLLATE=utf8_unicode_ci AUTO_INCREMENT=433 ;

--
-- Dumping data for table `events`
--

INSERT INTO `events` (`id`, `logs_id`, `event`, `time`, `master_id`, `status`) VALUES
(1, 1, 'ppwalks logged in!', '2014-12-05 16:49:08', 0, 0),
(2, 1, 'ppwalks logged in!', '2014-12-05 17:04:26', 0, 0),
(3, 2, 'ppwalks logged in!', '2014-12-08 09:01:02', 0, 0),
(4, 3, 'ppwalks logged in!', '2014-12-09 09:12:22', 0, 0),
(5, 4, 'juliang logged in!', '2014-12-09 14:00:07', 0, 0),
(6, 5, 'ppwalks logged in!', '2014-12-09 14:01:56', 0, 0),
(7, 6, 'kieran logged in!', '2014-12-09 15:20:07', 0, 0),
(8, 7, 'kieran logged in!', '2014-12-09 15:39:29', 0, 0),
(9, 8, 'kieran logged in!', '2014-12-09 16:52:09', 0, 0),
(10, 9, 'juliang logged in!', '2014-12-09 16:52:20', 0, 0),
(11, 10, 'kieran logged in!', '2014-12-10 16:06:58', 0, 0),
(12, 11, 'kieran logged in!', '2014-12-10 16:12:58', 0, 0),
(13, 12, 'kieran logged in!', '2014-12-11 10:01:57', 0, 0),
(14, 13, 'ppwalks logged in!', '2014-12-11 10:39:10', 0, 0),
(15, 14, 'kieran logged in!', '2014-12-11 11:15:07', 0, 0),
(16, 15, 'kieran logged in!', '2014-12-11 11:42:49', 0, 0),
(17, 16, 'kieran logged in!', '2014-12-11 12:26:11', 0, 0),
(18, 17, 'kieran logged in!', '2014-12-11 14:02:04', 0, 0),
(19, 18, 'kieran logged in!', '2014-12-11 16:47:18', 0, 0),
(20, 19, 'kieran logged in!', '2014-12-15 09:45:24', 0, 0),
(21, 20, 'kieran logged in!', '2014-12-15 15:08:18', 0, 0),
(22, 21, 'kieran logged in!', '2014-12-16 10:36:35', 0, 0),
(23, 22, 'ppwalks logged in!', '2014-12-18 16:17:15', 0, 0),
(24, 23, 'ppwalks logged in!', '2014-12-18 16:46:11', 0, 0),
(25, 24, 'ppwalks logged in!', '2015-01-06 10:10:44', 0, 0),
(26, 25, 'ppwalks logged in!', '2015-01-07 09:16:09', 0, 0),
(27, 26, 'ppwalks logged in!', '2015-01-08 09:17:39', 0, 0),
(28, 27, 'ppwalks logged in!', '2015-01-09 09:25:43', 0, 0),
(29, 28, 'ppwalks logged in!', '2015-01-09 17:10:40', 0, 0),
(30, 29, 'ppwalks logged in!', '2015-01-09 17:27:55', 0, 0),
(31, 30, 'ppwalks logged in!', '2015-01-10 11:26:47', 0, 0),
(32, 31, 'ppwalks logged in!', '2015-01-10 18:11:10', 0, 0),
(33, 32, 'ppwalks logged in!', '2015-01-10 19:01:25', 0, 0),
(34, 33, 'ppwalks logged in!', '2015-01-13 10:00:26', 0, 0),
(35, 34, 'ppwalks logged in!', '2015-01-14 09:38:49', 0, 0),
(36, 35, 'ppwalks logged in!', '2015-01-14 14:37:04', 0, 0),
(37, 36, 'ppwalks logged in!', '2015-01-15 09:08:02', 0, 0),
(38, 37, 'ppwalks logged in!', '2015-01-15 14:02:16', 0, 0),
(39, 38, 'ppwalks logged in!', '2015-01-16 11:27:07', 0, 0),
(40, 39, 'ppwalks logged in!', '2015-01-17 16:10:04', 0, 0),
(41, 40, 'ppwalks logged in!', '2015-01-20 09:06:41', 0, 0),
(42, 41, 'ppwalks logged in!', '2015-01-20 15:39:38', 0, 0),
(43, 42, 'ppwalks logged in!', '2015-01-21 12:03:23', 0, 0),
(44, 43, 'ppwalks logged in!', '2015-01-21 12:18:00', 0, 0),
(45, 44, 'ppwalks logged in!', '2015-01-21 13:00:53', 0, 0),
(46, 45, 'ppwalks logged in!', '2015-01-21 13:32:19', 0, 0),
(47, 46, 'ppwalks logged in!', '2015-01-22 09:05:11', 0, 0),
(48, 47, 'ppwalks logged in!', '2015-01-23 14:07:21', 0, 0),
(49, 48, 'ppwalks logged in!', '2015-01-26 09:17:09', 0, 0),
(50, 49, 'ppwalks logged in!', '2015-01-26 12:05:54', 0, 0),
(51, 50, 'ppwalks logged in!', '2015-01-27 09:34:35', 0, 0),
(52, 51, 'ppwalks logged in!', '2015-01-28 09:05:57', 0, 0),
(53, 52, 'ppwalks logged in!', '2015-01-29 09:09:13', 0, 0),
(54, 53, 'ppwalks logged in!', '2015-02-02 09:36:18', 0, 0),
(55, 54, 'ppwalks logged in!', '2015-02-02 11:31:20', 0, 0),
(56, 55, 'ppwalks logged in!', '2015-02-02 14:53:29', 0, 0),
(57, 56, 'ppwalks logged in!', '2015-02-03 14:02:07', 0, 0),
(61, 60, 'ppwalks logged in!', '2015-02-04 11:19:18', 0, 0),
(63, 62, 'ppwalks logged in!', '2015-02-04 12:28:37', 0, 0),
(80, 79, 'ppwalks logged in!', '2015-02-04 15:57:29', 0, 0),
(81, 80, 'ppwalks logged in!', '2015-02-05 13:43:44', 0, 0),
(82, 81, 'ppwalks logged in!', '2015-02-05 13:44:06', 0, 0),
(85, 84, 'ppwalks logged in!', '2015-02-05 16:12:33', 0, 0),
(86, 85, 'ppwalks logged in!', '2015-02-05 16:12:50', 0, 0),
(93, 92, 'ppwalks logged in!', '2015-02-05 16:29:59', 0, 0),
(163, 162, 'ppwalks logged in!', '2015-02-05 18:34:48', 0, 0),
(183, 182, 'ppwalks logged in!', '2015-02-06 10:24:58', 0, 0),
(184, 183, 'ppwalks logged in!', '2015-02-06 10:28:56', 0, 0),
(185, 184, 'ppwalks logged in!', '2015-02-06 10:31:40', 0, 0),
(186, 185, 'ppwalks logged in!', '2015-02-06 10:33:25', 0, 0),
(187, 186, 'ppwalks logged in!', '2015-02-06 10:36:37', 0, 0),
(188, 187, 'ppwalks logged in!', '2015-02-06 18:06:39', 0, 0),
(189, 188, 'ppwalks logged in!', '2015-02-06 18:52:58', 0, 0),
(190, 189, 'ppwalks logged in!', '2015-02-07 10:41:17', 0, 0),
(191, 190, 'ppwalks logged in!', '2015-02-09 10:37:28', 0, 0),
(192, 191, 'ppwalks logged in!', '2015-02-09 10:38:52', 0, 0),
(193, 192, 'ppwalks logged in!', '2015-02-09 10:40:09', 0, 0),
(194, 193, 'ppwalks logged in!', '2015-02-09 12:52:35', 0, 0),
(195, 194, 'ppwalks logged in!', '2015-02-09 13:22:02', 0, 0),
(196, 195, 'ppwalks logged in!', '2015-02-09 13:48:29', 0, 0),
(197, 196, 'ppwalks logged in!', '2015-02-10 13:42:25', 0, 0),
(198, 197, 'ppwalks logged in!', '2015-02-10 16:56:56', 0, 0),
(199, 198, 'ppwalks logged in!', '2015-02-11 09:58:19', 0, 0),
(200, 199, 'ppwalks logged in!', '2015-02-12 09:30:44', 0, 0),
(201, 200, 'ppwalks logged in!', '2015-02-12 12:20:31', 0, 0),
(202, 201, 'ppwalks logged in!', '2015-02-12 17:50:08', 0, 0),
(203, 202, 'ppwalks logged in!', '2015-02-12 17:50:52', 0, 0),
(204, 203, 'ppwalks logged in!', '2015-02-13 09:17:43', 0, 0),
(205, 204, 'ppwalks logged in!', '2015-02-13 18:15:13', 0, 0),
(206, 205, 'ppwalks logged in!', '2015-02-13 18:31:03', 0, 0),
(209, 208, 'ppwalks logged in!', '2015-02-14 14:53:43', 0, 0),
(214, 213, 'ppwalks logged in!', '2015-02-15 14:56:26', 0, 0),
(215, 214, 'ppwalks logged in!', '2015-02-15 15:05:38', 0, 0),
(216, 215, 'ppwalks logged in!', '2015-02-21 15:16:05', 0, 0),
(217, 216, 'ppwalks logged in!', '2015-02-21 15:34:08', 0, 0),
(218, 217, 'ppwalks logged in!', '2015-02-26 19:00:35', 0, 0),
(219, 218, 'ppwalks logged in!', '2015-02-27 12:20:39', 0, 0),
(220, 219, 'ppwalks logged in!', '2015-02-28 10:20:55', 0, 0),
(221, 220, 'ppwalks logged in!', '2015-03-07 11:31:41', 0, 0),
(222, 221, 'ppwalks logged in!', '2015-03-07 14:22:42', 0, 0),
(224, 223, 'ppwalks logged in!', '2015-03-07 15:14:45', 0, 0),
(225, 224, 'ppwalks logged in!', '2015-03-08 10:48:23', 0, 0),
(226, 225, 'ppwalks logged in!', '2015-03-08 14:40:03', 0, 0),
(227, 226, 'ppwalks logged in!', '2015-03-08 16:57:35', 0, 0),
(228, 227, 'ppwalks logged in!', '2015-03-09 09:29:45', 0, 0),
(229, 228, 'ppwalks logged in!', '2015-03-09 11:57:08', 0, 0),
(230, 229, 'ppwalks logged in!', '2015-03-09 12:04:23', 0, 0),
(231, 230, 'ppwalks logged in!', '2015-03-09 12:14:46', 0, 0),
(232, 231, 'ppwalks logged in!', '2015-03-09 12:31:20', 0, 0),
(233, 232, 'ppwalks logged in!', '2015-03-09 12:36:54', 0, 0),
(234, 233, 'ppwalks logged in!', '2015-03-09 12:59:36', 0, 0),
(235, 234, 'ppwalks logged in!', '2015-03-09 13:06:00', 0, 0),
(236, 235, 'ppwalks logged in!', '2015-03-09 13:26:06', 0, 0),
(237, 236, 'ppwalks logged in!', '2015-03-09 16:11:16', 0, 0),
(238, 237, 'ppwalks logged in!', '2015-03-09 16:22:21', 0, 0),
(241, 240, 'ppwalks logged in!', '2015-03-09 17:05:17', 0, 0),
(248, 247, 'ppwalks logged in!', '2015-03-09 17:33:49', 0, 0),
(249, 248, 'ppwalks logged in!', '2015-03-12 11:21:52', 0, 0),
(250, 249, 'ppwalks logged in!', '2015-03-14 09:58:36', 0, 0),
(252, 251, 'ppwalks logged in!', '2015-03-21 09:06:38', 0, 0),
(253, 252, 'ppwalks logged in!', '2015-03-22 11:45:19', 0, 0),
(254, 253, 'ppwalks logged in!', '2015-03-22 11:57:42', 0, 0),
(255, 254, 'ppwalks logged in!', '2015-03-28 11:04:29', 0, 0),
(256, 255, 'ppwalks logged in!', '2015-04-03 12:00:01', 0, 0),
(257, 256, 'ppwalks logged in!', '2015-04-04 08:10:38', 0, 0),
(263, 262, 'juliang logged in!', '2015-04-04 11:44:12', 0, 0),
(264, 263, 'ppwalks logged in!', '2015-04-04 15:53:44', 0, 0),
(282, 281, 'ppwalks logged in!', '2015-04-05 10:17:21', 0, 0),
(294, 293, 'ppwalks logged in!', '2015-04-06 09:33:02', 0, 0),
(297, 296, 'ppwalks logged in!', '2015-04-06 12:54:13', 0, 0),
(305, 304, 'ppwalks logged in!', '2015-04-06 15:24:16', 0, 0),
(308, 307, 'ppwalks logged in!', '2015-04-13 16:51:30', 0, 0),
(309, 308, 'ppwalks logged in!', '2015-04-16 16:30:41', 0, 0),
(310, 309, 'ppwalks logged in!', '2015-04-18 09:26:06', 0, 0),
(311, 310, 'ppwalks logged in!', '2015-04-19 10:13:43', 0, 0),
(323, 322, 'ppwalks logged in!', '2015-04-25 08:20:42', 0, 0),
(324, 323, 'ppwalks logged in!', '2015-04-25 12:39:12', 0, 0),
(327, 326, 'ppwalks logged in!', '2015-04-25 14:26:20', 0, 0),
(334, 333, 'ppwalks logged in!', '2015-04-25 14:51:50', 0, 0),
(347, 346, 'ppwalks logged in!', '2015-04-26 10:30:38', 0, 0),
(360, 359, '<p> Paul&nbsp;Stevenson Created an order for Ihhuk (Company Head Quarters), the order ref is #553ce976c160c, created on 2015-04-26 15:34:46', '2015-04-26 14:34:46', 1, 1),
(361, 360, 'ppwalks logged in!', '2015-04-27 17:15:21', 0, 0),
(362, 361, 'ppwalks logged in!', '2015-05-02 09:35:00', 0, 0),
(363, 362, 'ppwalks logged in!', '2015-05-03 11:47:41', 0, 0),
(364, 363, 'ppwalks logged in!', '2015-05-03 12:32:23', 0, 0),
(365, 364, 'ppwalks logged in!', '2015-05-04 10:25:42', 0, 0),
(366, 365, 'ppwalks logged in!', '2015-05-09 10:35:12', 0, 0),
(367, 366, '<p> Paul&nbsp;Stevenson Created an order for R & M (Main Office), the order ref is #554de327a95f1, created on 2015-05-09 12:36:23', '2015-05-09 11:36:23', 1, 1),
(368, 367, 'ppwalks logged in!', '2015-05-10 11:19:02', 0, 0),
(369, 368, 'ppwalks logged in!', '2015-05-16 09:39:57', 0, 0),
(370, 369, 'ppwalks logged in!', '2015-05-16 10:25:24', 0, 0),
(371, 370, 'ppwalks logged in!', '2015-05-17 09:20:56', 0, 0),
(372, 371, 'ppwalks logged in!', '2015-05-24 09:21:22', 0, 0),
(373, 372, 'ppwalks logged in!', '2015-05-25 12:34:26', 0, 0),
(374, 373, 'juliang logged in!', '2015-05-25 17:00:06', 0, 0),
(375, 374, 'juliang logged in!', '2015-05-25 17:46:42', 0, 0),
(376, 375, 'juliang logged in!', '2015-05-25 20:16:58', 0, 0),
(377, 376, 'ppwalks logged in!', '2015-05-26 15:02:21', 0, 0),
(378, 377, 'juliang logged in!', '2015-05-26 18:35:10', 0, 0),
(379, 378, 'juliang logged in!', '2015-05-26 18:41:47', 0, 0),
(380, 379, 'ppwalks logged in!', '2015-05-28 08:18:06', 0, 0),
(381, 380, 'juliang logged in!', '2015-05-28 10:58:04', 0, 0),
(382, 381, 'ppwalks logged in!', '2015-05-31 11:25:02', 0, 0),
(383, 382, 'juliang logged in!', '2015-05-31 15:43:35', 0, 0),
(384, 383, '<p> Julian&nbsp;Green Created an order for Ihhuk (Company Head Quarters), the order ref is #556b2e59dbe7d, created on 2015-05-31 15:52:57', '2015-05-31 15:52:57', 1, 1),
(385, 384, 'juliang logged in!', '2015-06-01 07:13:53', 0, 0),
(386, 385, 'juliang logged in!', '2015-06-01 08:10:08', 0, 0),
(387, 386, 'ppwalks logged in!', '2015-06-03 13:58:47', 0, 0),
(388, 387, 'juliang logged in!', '2015-06-04 20:40:03', 0, 0),
(389, 388, 'juliang logged in!', '2015-06-05 11:22:02', 0, 0),
(390, 389, 'ppwalks logged in!', '2015-06-06 14:20:25', 0, 0),
(391, 390, 'Timothy&nbsp;Parker has sent a Holday Request..', '2015-06-06 14:31:44', 1, 1),
(392, 391, '<p> Paul&nbsp;Stevenson Created an order for R & M (Company Head Quarters xxx), the order ref is #557307b9b275d, created on 2015-06-06 14:46:17', '2015-06-06 14:46:17', 1, 1),
(393, 392, 'ppwalks logged in!', '2015-06-11 15:28:50', 0, 0),
(394, 393, 'juliang logged in!', '2015-06-12 08:44:58', 0, 0),
(395, 394, 'juliang logged in!', '2015-06-14 09:18:05', 0, 0),
(396, 395, 'juliang logged in!', '2015-06-14 11:59:47', 0, 0),
(397, 396, 'ppwalks logged in!', '2015-06-16 17:54:53', 0, 0),
(398, 397, 'juliang logged in!', '2015-06-19 17:16:17', 0, 0),
(399, 398, 'ppwalks logged in!', '2015-06-20 15:09:27', 0, 0),
(400, 399, 'Timothy&nbsp;Parker has been marked for final deletion!', '2015-06-20 15:39:50', 1, 1),
(401, 400, 'ppwalks logged in!', '2015-06-21 09:59:57', 0, 0),
(402, 401, 'ppwalks logged in!', '2015-06-21 10:05:39', 0, 0),
(403, 402, 'ppwalks logged in!', '2015-06-21 10:06:02', 0, 0),
(404, 403, 'ppwalks logged in!', '2015-06-21 10:06:35', 0, 0),
(405, 404, 'Juliang logged in!', '2015-06-21 10:24:36', 0, 0),
(406, 405, 'ppwalks logged in!', '2015-06-21 10:25:46', 0, 0),
(407, 406, 'ppwalks logged in!', '2015-06-21 14:03:28', 0, 0),
(408, 407, 'Timothy&nbsp;Parker has been marked for final deletion!', '2015-06-21 14:04:10', 1, 1),
(409, 408, 'ppwalks logged in!', '2015-06-22 08:12:49', 0, 0),
(410, 409, 'juliang logged in!', '2015-06-23 10:17:01', 0, 0),
(411, 410, 'juliang logged in!', '2015-06-23 10:49:52', 0, 0),
(412, 411, 'juliang logged in!', '2015-06-24 13:53:02', 0, 0),
(413, 412, 'juliang logged in!', '2015-06-24 13:54:21', 0, 0),
(414, 413, 'juliang logged in!', '2015-06-24 17:18:48', 0, 0),
(415, 414, 'juliang logged in!', '2015-06-25 05:41:37', 0, 0),
(416, 415, 'ppwalks logged in!', '2015-06-25 14:56:43', 0, 0),
(417, 416, 'juliang logged in!', '2015-06-26 08:43:03', 0, 0),
(418, 417, 'ppwalks logged in!', '2015-06-26 09:14:07', 0, 0),
(419, 418, 'ppwalks logged in!', '2015-06-26 12:09:32', 0, 0),
(420, 419, 'juliang logged in!', '2015-06-26 18:28:57', 0, 0),
(421, 420, 'juliang logged in!', '2015-06-27 08:25:16', 0, 0),
(422, 421, 'juliang logged in!', '2015-06-27 08:59:24', 0, 0),
(423, 422, 'ppwalks logged in!', '2015-06-27 09:44:07', 0, 0),
(424, 423, 'juliang logged in!', '2015-06-28 07:43:44', 0, 0),
(425, 424, 'ppwalks logged in!', '2015-06-30 10:45:19', 0, 0),
(426, 425, 'ppwalks logged in!', '2015-07-02 08:16:27', 0, 0),
(427, 426, 'ppwalks logged in!', '2015-07-09 14:16:30', 0, 0),
(428, 427, 'juliang logged in!', '2015-07-09 14:48:46', 0, 0),
(429, 428, 'juliang logged in!', '2015-07-13 12:50:39', 0, 0),
(430, 429, 'juliang logged in!', '2015-07-17 11:30:42', 0, 0),
(431, 430, 'ppwalks logged in!', '2015-08-13 09:22:42', 0, 0),
(432, 431, 'ppwalks logged in!', '2015-08-18 00:08:41', 0, 0);

-- --------------------------------------------------------

--
-- Table structure for table `files`
--

CREATE TABLE IF NOT EXISTS `files` (
  `id` int(11) NOT NULL AUTO_INCREMENT,
  `md5_id` int(11) NOT NULL DEFAULT '0',
  `file` varchar(100) NOT NULL,
  `title` varchar(150) NOT NULL,
  `type` tinyint(4) NOT NULL,
  `parent_id` int(11) NOT NULL DEFAULT '0',
  `root` int(11) NOT NULL,
  PRIMARY KEY (`id`)
) ENGINE=InnoDB  DEFAULT CHARSET=latin1 AUTO_INCREMENT=4 ;

--
-- Dumping data for table `files`
--

INSERT INTO `files` (`id`, `md5_id`, `file`, `title`, `type`, `parent_id`, `root`) VALUES
(1, 0, 'pcrepairshull/rm/files/test', 'test', 1, 0, 3),
(2, 0, 'pcrepairshull/rm/files/ppwalks', 'ppwalks', 1, 0, 3),
(3, 0, './uploads/pcrepairshull/rm/files/test/IMG_0176.jpg', '', 0, 1, 3);

-- --------------------------------------------------------

--
-- Table structure for table `finance`
--

CREATE TABLE IF NOT EXISTS `finance` (
  `id` int(11) NOT NULL AUTO_INCREMENT,
  `bank` varchar(50) COLLATE utf8_unicode_ci DEFAULT NULL,
  `branch` varchar(50) COLLATE utf8_unicode_ci DEFAULT NULL,
  `sort_code` varchar(8) COLLATE utf8_unicode_ci DEFAULT NULL,
  `account_number` int(11) NOT NULL,
  `payroll_number` varchar(50) COLLATE utf8_unicode_ci DEFAULT NULL,
  `roll_number` varchar(20) COLLATE utf8_unicode_ci NOT NULL,
  `account_name` varchar(100) COLLATE utf8_unicode_ci DEFAULT NULL,
  `staff_id` int(11) NOT NULL,
  PRIMARY KEY (`id`)
) ENGINE=InnoDB  DEFAULT CHARSET=utf8 COLLATE=utf8_unicode_ci AUTO_INCREMENT=16 ;

--
-- Dumping data for table `finance`
--

INSERT INTO `finance` (`id`, `bank`, `branch`, `sort_code`, `account_number`, `payroll_number`, `roll_number`, `account_name`, `staff_id`) VALUES
(6, '', '', '', 0, '', '', '', 17),
(8, '', '', '', 0, '', '', '', 19),
(13, '', '', '', 0, '', '', '', 24),
(14, '', '', '', 0, '', '', '', 25),
(15, '', '', '', 0, '', '', '', 26);

-- --------------------------------------------------------

--
-- Table structure for table `holidays`
--

CREATE TABLE IF NOT EXISTS `holidays` (
  `id` int(11) NOT NULL AUTO_INCREMENT,
  `request` tinyint(4) NOT NULL,
  `approval` tinyint(4) NOT NULL,
  `year` int(11) NOT NULL,
  `staff_id` int(11) NOT NULL,
  `start_id` int(11) NOT NULL,
  `end_id` int(11) NOT NULL,
  PRIMARY KEY (`id`)
) ENGINE=InnoDB  DEFAULT CHARSET=latin1 AUTO_INCREMENT=2 ;

--
-- Dumping data for table `holidays`
--

INSERT INTO `holidays` (`id`, `request`, `approval`, `year`, `staff_id`, `start_id`, `end_id`) VALUES
(1, 0, 0, 2015, 25, 570, 571);

-- --------------------------------------------------------

--
-- Table structure for table `login`
--

CREATE TABLE IF NOT EXISTS `login` (
  `id` int(11) NOT NULL AUTO_INCREMENT,
  `username` varchar(50) NOT NULL,
  `md5_id` int(11) NOT NULL,
  `user_id` int(11) NOT NULL,
  PRIMARY KEY (`id`)
) ENGINE=InnoDB  DEFAULT CHARSET=latin1 AUTO_INCREMENT=5 ;

--
-- Dumping data for table `login`
--

INSERT INTO `login` (`id`, `username`, `md5_id`, `user_id`) VALUES
(1, 'ppwalks', 2, 1),
(2, 'juliang', 3, 10),
(3, 'kieran', 4, 11),
(4, 'skyleeds', 5, 16);

-- --------------------------------------------------------

--
-- Table structure for table `logs`
--

CREATE TABLE IF NOT EXISTS `logs` (
  `id` int(11) NOT NULL AUTO_INCREMENT,
  `ip` int(11) NOT NULL,
  `date_id` int(11) NOT NULL,
  `user_id` int(11) NOT NULL,
  PRIMARY KEY (`id`)
) ENGINE=InnoDB  DEFAULT CHARSET=latin1 AUTO_INCREMENT=432 ;

--
-- Dumping data for table `logs`
--

INSERT INTO `logs` (`id`, `ip`, `date_id`, `user_id`) VALUES
(1, 167772195, 3, 1),
(2, 167772195, 18, 1),
(3, 167772195, 25, 1),
(4, 167772195, 27, 10),
(5, 167772195, 28, 1),
(6, 167772193, 30, 11),
(7, 167772193, 33, 11),
(8, 167772193, 42, 11),
(9, 167772193, 43, 10),
(10, 167772193, 48, 11),
(11, 167772193, 49, 11),
(12, 167772193, 50, 11),
(13, 167772195, 59, 1),
(14, 167772193, 61, 11),
(15, 167772193, 62, 11),
(16, 167772193, 64, 11),
(17, 167772193, 65, 11),
(18, 167772193, 66, 11),
(19, 167772193, 67, 11),
(20, 167772193, 68, 11),
(21, 167772193, 69, 11),
(22, 167772195, 70, 1),
(23, 167772195, 71, 1),
(24, 2130706433, 72, 1),
(25, 2130706433, 84, 1),
(26, 2130706433, 85, 1),
(27, 2130706433, 90, 1),
(28, 2130706433, 91, 1),
(29, 2130706433, 92, 1),
(30, 2130706433, 93, 1),
(31, 2130706433, 94, 1),
(32, 2130706433, 95, 1),
(33, 2130706433, 96, 1),
(34, 2130706433, 97, 1),
(35, 2130706433, 105, 1),
(36, 2130706433, 110, 1),
(37, 2130706433, 115, 1),
(38, 2130706433, 116, 1),
(39, 2130706433, 117, 1),
(40, 2130706433, 118, 1),
(41, 2130706433, 120, 1),
(42, 2130706433, 121, 1),
(43, 2130706433, 122, 1),
(44, 2130706433, 123, 1),
(45, 2130706433, 124, 1),
(46, 2130706433, 125, 1),
(47, 2130706433, 126, 1),
(48, 2130706433, 127, 1),
(49, 2130706433, 128, 1),
(50, 2130706433, 129, 1),
(51, 2130706433, 130, 1),
(52, 2130706433, 131, 1),
(53, 2130706433, 132, 1),
(54, 2130706433, 133, 1),
(55, 2130706433, 134, 1),
(56, 2130706433, 150, 1),
(57, 2130706433, 0, 14),
(58, 2130706433, 0, 14),
(59, 2130706433, 0, 2),
(60, 2130706433, 159, 1),
(62, 2130706433, 162, 1),
(75, 2130706433, 0, 14),
(76, 2130706433, 0, 14),
(77, 2130706433, 0, 14),
(79, 2130706433, 183, 1),
(80, 2130706433, 184, 1),
(81, 2130706433, 185, 1),
(84, 2130706433, 190, 1),
(85, 2130706433, 191, 1),
(92, 2130706433, 194, 1),
(162, 2130706433, 215, 1),
(182, 2130706433, 226, 1),
(183, 2130706433, 227, 1),
(184, 2130706433, 228, 1),
(185, 2130706433, 229, 1),
(186, 2130706433, 230, 1),
(187, 2130706433, 235, 1),
(188, 2130706433, 236, 1),
(189, 2130706433, 237, 1),
(190, 2147483647, 238, 1),
(191, 2147483647, 240, 1),
(192, 2147483647, 241, 1),
(193, 2147483647, 263, 1),
(194, 2147483647, 264, 1),
(195, 2130706433, 266, 1),
(196, 2130706433, 267, 1),
(197, 2130706433, 268, 1),
(198, 2130706433, 269, 1),
(199, 2130706433, 270, 1),
(200, 2130706433, 271, 1),
(201, 2130706433, 272, 1),
(202, 2130706433, 273, 1),
(203, 2130706433, 274, 1),
(204, 2130706433, 290, 1),
(205, 2130706433, 291, 1),
(208, 2130706433, 294, 1),
(213, 2130706433, 300, 1),
(214, 2130706433, 301, 1),
(215, 2130706433, 302, 1),
(216, 2130706433, 303, 1),
(217, 2130706433, 304, 1),
(218, 2130706433, 305, 1),
(219, 2130706433, 306, 1),
(220, 2130706433, 307, 1),
(221, 2130706433, 308, 1),
(223, 2130706433, 311, 1),
(224, 2130706433, 312, 1),
(225, 2130706433, 313, 1),
(226, 2130706433, 314, 1),
(227, 2130706433, 315, 1),
(228, 2130706433, 316, 1),
(229, 2130706433, 317, 1),
(230, 2130706433, 318, 1),
(231, 2130706433, 319, 1),
(232, 2130706433, 320, 1),
(233, 2130706433, 321, 1),
(234, 2130706433, 322, 1),
(235, 2130706433, 323, 1),
(236, 2130706433, 324, 1),
(237, 2130706433, 325, 1),
(240, 2130706433, 328, 1),
(247, 2130706433, 338, 1),
(248, 2130706433, 339, 1),
(249, 2130706433, 340, 1),
(251, 2130706433, 344, 1),
(252, 2130706433, 353, 1),
(253, 2130706433, 354, 1),
(254, 2130706433, 375, 1),
(255, 2130706433, 382, 1),
(256, 2130706433, 389, 1),
(262, 2130706433, 396, 10),
(263, 2130706433, 397, 1),
(281, 2130706433, 422, 1),
(293, 2130706433, 435, 1),
(296, 2130706433, 445, 1),
(304, 2130706433, 462, 1),
(307, 2130706433, 465, 1),
(308, 2130706433, 466, 1),
(309, 2130706433, 467, 1),
(310, 2130706433, 470, 1),
(322, 2130706433, 484, 1),
(323, 2130706433, 485, 1),
(326, 2130706433, 488, 1),
(333, 2130706433, 502, 1),
(346, 2130706433, 515, 1),
(359, 2130706433, 0, 1),
(360, 2130706433, 535, 1),
(361, 2130706433, 536, 1),
(362, 2130706433, 537, 1),
(363, 2130706433, 540, 1),
(364, 2130706433, 541, 1),
(365, 2130706433, 542, 1),
(366, 2130706433, 0, 1),
(367, 2130706433, 544, 1),
(368, 2147483647, 545, 1),
(369, 2147483647, 546, 1),
(370, 2147483647, 547, 1),
(371, 2130706433, 548, 1),
(372, 2130706433, 549, 1),
(373, 2147483647, 550, 10),
(374, 2147483647, 551, 10),
(375, 2147483647, 552, 10),
(376, 2147483647, 553, 1),
(377, 2147483647, 554, 10),
(378, 2147483647, 555, 10),
(379, 2147483647, 556, 1),
(380, 2147483647, 557, 10),
(381, 2147483647, 558, 1),
(382, 2147483647, 559, 10),
(383, 2147483647, 0, 10),
(384, 2147483647, 564, 10),
(385, 2147483647, 565, 10),
(386, 2147483647, 566, 1),
(387, 2147483647, 567, 10),
(388, 2147483647, 568, 10),
(389, 1581836998, 569, 1),
(390, 1581836998, 0, 25),
(391, 1581836998, 0, 1),
(392, 1297503045, 575, 1),
(393, 2147483647, 576, 10),
(394, 2147483647, 577, 10),
(395, 2147483647, 578, 10),
(396, 1581836998, 579, 1),
(397, 2147483647, 580, 10),
(398, 1581836998, 581, 1),
(399, 1581836998, 0, 25),
(400, 1581836998, 582, 1),
(401, 1442835053, 583, 1),
(402, 1442835053, 584, 1),
(403, 1442835053, 585, 1),
(404, 1581836998, 586, 10),
(405, 1581836998, 588, 1),
(406, 1581836998, 589, 1),
(407, 1581836998, 0, 25),
(408, 1581836998, 590, 1),
(409, 2147483647, 591, 10),
(410, 2147483647, 592, 10),
(411, 2147483647, 593, 10),
(412, 2147483647, 594, 10),
(413, 2147483647, 595, 10),
(414, 2147483647, 596, 10),
(415, 1581836998, 597, 1),
(416, 2147483647, 598, 10),
(417, 1581836998, 599, 1),
(418, 1581836998, 600, 1),
(419, 2147483647, 601, 10),
(420, 2147483647, 602, 10),
(421, 2147483647, 603, 10),
(422, 1581836998, 604, 1),
(423, 2147483647, 605, 10),
(424, 1581836998, 606, 1),
(425, 1581836998, 607, 1),
(426, 1581836998, 608, 1),
(427, 2147483647, 609, 10),
(428, 2147483647, 610, 10),
(429, 2147483647, 611, 10),
(430, 1297503045, 612, 1),
(431, 2147483647, 615, 1);

-- --------------------------------------------------------

--
-- Table structure for table `machinery`
--

CREATE TABLE IF NOT EXISTS `machinery` (
  `id` int(11) NOT NULL AUTO_INCREMENT,
  `master_id` int(11) NOT NULL,
  `identifier` varchar(100) COLLATE utf8_unicode_ci NOT NULL,
  `serial` varchar(100) COLLATE utf8_unicode_ci NOT NULL,
  `log_num` varchar(100) COLLATE utf8_unicode_ci NOT NULL,
  `type` varchar(255) COLLATE utf8_unicode_ci NOT NULL,
  `desc` text COLLATE utf8_unicode_ci NOT NULL,
  `aq_date` int(11) NOT NULL,
  `second_hand` tinyint(4) NOT NULL,
  `appearance` tinyint(4) NOT NULL,
  `age` varchar(50) COLLATE utf8_unicode_ci NOT NULL,
  `pat_tested` tinyint(4) NOT NULL,
  `pat_date` int(11) NOT NULL,
  PRIMARY KEY (`id`)
) ENGINE=InnoDB  DEFAULT CHARSET=utf8 COLLATE=utf8_unicode_ci AUTO_INCREMENT=9 ;

--
-- Dumping data for table `machinery`
--

INSERT INTO `machinery` (`id`, `master_id`, `identifier`, `serial`, `log_num`, `type`, `desc`, `aq_date`, `second_hand`, `appearance`, `age`, `pat_tested`, `pat_date`) VALUES
(3, 1, 'x1', '097654', '5643', 'Jet Wash', '', 73, 0, 0, 'New', 1, 74),
(4, 1, 'x2', '987876', '76765987', 'Jetwash', 'This is the only jewash to output 2000psi', 75, 1, 1, '2 Months old', 1, 76),
(5, 1, 'v1', '098098', '456456', 'Vacuum', '', 77, 0, 0, 'New', 1, 78),
(6, 1, 'v2', '093498', '453456', 'Vacuum', '', 79, 1, 1, 'Nearly New', 1, 80),
(7, 1, 'v3', '0933398', '4533456', 'Vacuum', '', 81, 0, 0, 'New', 1, 82),
(8, 1, 'c1', '24234 ', '4235345', 'Cherry Picker', 'This should only be used on major sites with high windows', 83, 1, 1, '2 Years', 0, 0);

-- --------------------------------------------------------

--
-- Table structure for table `master`
--

CREATE TABLE IF NOT EXISTS `master` (
  `id` int(11) NOT NULL AUTO_INCREMENT,
  `company_id` int(11) NOT NULL,
  `subscription_id` int(11) NOT NULL,
  `user_id` int(11) NOT NULL,
  `md5_id` int(11) NOT NULL,
  `package_id` int(11) NOT NULL,
  `security_pin` int(11) NOT NULL,
  `active` tinyint(4) NOT NULL,
  PRIMARY KEY (`id`)
) ENGINE=InnoDB  DEFAULT CHARSET=utf8 COLLATE=utf8_unicode_ci AUTO_INCREMENT=2 ;

--
-- Dumping data for table `master`
--

INSERT INTO `master` (`id`, `company_id`, `subscription_id`, `user_id`, `md5_id`, `package_id`, `security_pin`, `active`) VALUES
(1, 2, 0, 1, 1, 0, 1565, 1);

-- --------------------------------------------------------

--
-- Table structure for table `md5`
--

CREATE TABLE IF NOT EXISTS `md5` (
  `id` int(11) NOT NULL AUTO_INCREMENT,
  `hash` varchar(80) NOT NULL,
  `salt` varchar(80) NOT NULL,
  PRIMARY KEY (`id`)
) ENGINE=InnoDB  DEFAULT CHARSET=latin1 AUTO_INCREMENT=8 ;

--
-- Dumping data for table `md5`
--

INSERT INTO `md5` (`id`, `hash`, `salt`) VALUES
(1, '8079a49516df8f003121a5a121986a51', '8f003121a5a121986a51'),
(2, '$2a$08$/1hOmUljak8TeAC1WIHcJuYD0ze7bZO8Xd5cZaOyKf2ZNsS6zssZ2', 'a33522e7cc48ca6'),
(3, '$2a$08$fLVOEfcdP8xjwGrFduaMHuWLrVLrT7.w695a.T2NWLy09oGOsGusu', 'f5c5daa59b2c0ba'),
(4, '$2a$08$eB7juMHit0hozL6aJNILuOlxHHvGONI38akT/7BesnSCNVk1nUcIm', '20dca9f48865c95'),
(5, '$2a$08$8A4SjexIjJz8KImIr0Na1uauwrDDbUnLo9voi1WJvdT46L7HZcjvy', '2c6d116a16acb12'),
(6, '$2a$08$FxhM3S8TDCdR1ND0Ibt6Q.7Bzw1HmuYWt3eqTjaUmKAPv1b6xoKCu', '712be9f40d2b7b5'),
(7, '$2a$08$wQw0UTE7epJ1.3LXye2O.OUvAXYvWslVSQibg6IFVk0r8SDrzw0sa', '98de2c79548c37b');

-- --------------------------------------------------------

--
-- Table structure for table `measurments`
--

CREATE TABLE IF NOT EXISTS `measurments` (
  `id` int(11) NOT NULL AUTO_INCREMENT,
  `length` decimal(6,2) NOT NULL,
  `width` decimal(6,2) NOT NULL,
  `height` decimal(6,2) NOT NULL,
  `weight` decimal(6,2) NOT NULL,
  `litres` decimal(6,2) NOT NULL,
  `sqr_metre` decimal(6,2) NOT NULL,
  `metres` decimal(6,2) NOT NULL,
  PRIMARY KEY (`id`)
) ENGINE=InnoDB  DEFAULT CHARSET=latin1 AUTO_INCREMENT=11 ;

--
-- Dumping data for table `measurments`
--

INSERT INTO `measurments` (`id`, `length`, `width`, `height`, `weight`, `litres`, `sqr_metre`, `metres`) VALUES
(1, '0.00', '0.00', '0.00', '0.00', '0.00', '0.00', '0.00'),
(2, '0.00', '0.00', '0.00', '0.00', '0.00', '0.00', '0.00'),
(3, '0.00', '0.00', '0.00', '0.00', '0.00', '0.00', '0.00'),
(4, '0.00', '0.00', '0.00', '0.00', '0.00', '0.00', '0.00'),
(5, '0.00', '0.00', '0.00', '0.00', '0.00', '0.00', '0.00'),
(6, '0.00', '0.00', '0.00', '0.00', '0.00', '0.00', '0.00'),
(7, '0.00', '0.00', '0.00', '0.00', '0.00', '0.00', '0.00'),
(8, '0.00', '0.00', '0.00', '0.00', '0.00', '0.00', '0.00'),
(9, '0.00', '0.00', '0.00', '0.00', '0.00', '0.00', '0.00'),
(10, '0.00', '0.00', '0.00', '0.00', '0.00', '0.00', '0.00');

-- --------------------------------------------------------

--
-- Table structure for table `medical`
--

CREATE TABLE IF NOT EXISTS `medical` (
  `id` int(11) NOT NULL AUTO_INCREMENT,
  `doctors_name` varchar(50) COLLATE utf8_unicode_ci NOT NULL,
  `contact_doc` tinyint(4) NOT NULL,
  `health` tinyint(4) NOT NULL,
  `sick_days` int(11) NOT NULL,
  `dermatitis` tinyint(4) NOT NULL,
  `disabilities` tinyint(4) NOT NULL,
  `notes_health` text COLLATE utf8_unicode_ci NOT NULL,
  `notes_dis` text COLLATE utf8_unicode_ci NOT NULL,
  `staff_id` int(11) NOT NULL,
  `contact_id` int(11) NOT NULL,
  `address_id` int(11) NOT NULL,
  PRIMARY KEY (`id`)
) ENGINE=InnoDB  DEFAULT CHARSET=utf8 COLLATE=utf8_unicode_ci AUTO_INCREMENT=16 ;

--
-- Dumping data for table `medical`
--

INSERT INTO `medical` (`id`, `doctors_name`, `contact_doc`, `health`, `sick_days`, `dermatitis`, `disabilities`, `notes_health`, `notes_dis`, `staff_id`, `contact_id`, `address_id`) VALUES
(6, '', 0, 0, 0, 0, 0, '', '', 17, 0, 0),
(8, '', 0, 0, 0, 0, 0, '', '', 19, 0, 0),
(13, '', 0, 0, 0, 0, 0, '', '', 24, 0, 0),
(14, '', 0, 0, 0, 0, 0, '', '', 25, 0, 0),
(15, '', 0, 0, 0, 0, 0, '', '', 26, 0, 0);

-- --------------------------------------------------------

--
-- Table structure for table `messages`
--

CREATE TABLE IF NOT EXISTS `messages` (
  `id` int(11) NOT NULL AUTO_INCREMENT,
  `user_id` int(11) NOT NULL,
  `date_id` int(11) NOT NULL,
  `title` varchar(255) NOT NULL,
  `message` text NOT NULL,
  `important` tinyint(4) NOT NULL,
  `note` tinyint(4) NOT NULL,
  `status` tinyint(4) NOT NULL,
  `sent` tinyint(4) NOT NULL,
  `inbox` tinyint(4) NOT NULL,
  PRIMARY KEY (`id`)
) ENGINE=InnoDB  DEFAULT CHARSET=latin1 AUTO_INCREMENT=62 ;

--
-- Dumping data for table `messages`
--

INSERT INTO `messages` (`id`, `user_id`, `date_id`, `title`, `message`, `important`, `note`, `status`, `sent`, `inbox`) VALUES
(1, 1, 31, 'Twat', '<p>Fucking Twat</p>', 0, 0, 1, 1, 0),
(2, 0, 0, '', '', 0, 0, 0, 0, 0),
(3, 0, 0, '', '', 0, 0, 0, 0, 0),
(4, 0, 0, '', '', 0, 0, 0, 0, 0),
(5, 0, 0, '', '', 0, 0, 0, 0, 0),
(7, 1, 37, 'Who Me!', '<p>I''m reporting you now!!!!!!!<br><br><em>Reply To Kieran Taylor</em></p><p>     \n     <em>Date:Tuesday 9th of December 2014 03:44:46 PM</em>\n     \n     \n</p><hr>\n     \n     <br>\n<p><em>Naat mean!</em></p>', 0, 0, 1, 1, 0),
(8, 11, 38, 'Hey', '<p>qwerty</p>', 0, 0, 1, 1, 1),
(9, 1, 39, 'Who Me!', '<p>HIYYYYYYYYYYYYYYYYYYYYYYYYYYYAAAAAAAAAAAAAAAAAAAAA<br><br><em>Reply To Kieran Taylor</em></p><p>     \n     <em>Date:Tuesday 9th of December 2014 03:44:46 PM</em>\n     \n     </p><hr>\n     \n     <br><p><em>Naat mean!</em></p>', 0, 0, 1, 1, 1),
(10, 11, 40, 'afdjkbh;kdfjhb;', '<p>jafshgdljhsdlgis<br><br><em>Reply To Paul Stevenson</em></p><p>     \n     <em>Date:Tuesday 9th of December 2014 03:47:32 PM</em>\n     \n     \n</p><hr>\n     \n     <br>\n<p>HIYYYYYYYYYYYYYYYYYYYYYYYYYYYAAAAAAAAAAAAAAAAAAAAA<br><br><em>Reply To Kieran Taylor</em></p><p>     \n     <em>Date:Tuesday 9th of December 2014 03:44:46 PM</em>\n     \n     </p><hr>\n     \n     <br>\n<p><em>Naat mean!</em></p>', 0, 0, 1, 1, 1),
(11, 0, 0, '', '', 0, 0, 0, 0, 0),
(12, 0, 0, '', '', 0, 0, 0, 0, 0),
(13, 11, 63, 'Test', '<p><strong>Test</strong></p>', 0, 0, 1, 1, 1),
(14, 0, 0, '', '', 0, 0, 0, 0, 0),
(15, 0, 0, '', '', 0, 0, 0, 0, 0),
(16, 0, 0, '', '', 0, 0, 0, 0, 0),
(17, 0, 0, '', '', 0, 0, 0, 0, 0),
(18, 0, 0, '', '', 0, 0, 0, 0, 0),
(19, 0, 0, '', '', 0, 0, 0, 0, 0),
(20, 0, 0, '', '', 0, 0, 0, 0, 0),
(21, 0, 0, '', '', 0, 0, 0, 0, 0),
(22, 0, 0, '', '', 0, 0, 0, 0, 0),
(23, 0, 0, '', '', 0, 0, 0, 0, 0),
(24, 0, 0, '', '', 0, 0, 0, 0, 0),
(25, 0, 0, '', '', 0, 0, 0, 0, 0),
(26, 0, 0, '', '', 0, 0, 0, 0, 0),
(27, 0, 0, '', '', 0, 0, 0, 0, 0),
(28, 0, 0, '', '', 0, 0, 0, 0, 0),
(29, 0, 0, '', '', 0, 0, 0, 0, 0),
(30, 0, 0, '', '', 0, 0, 0, 0, 0),
(31, 0, 0, '', '', 0, 0, 0, 0, 0),
(32, 0, 0, '', '', 0, 0, 0, 0, 0),
(33, 0, 0, '', '', 0, 0, 0, 0, 0),
(34, 0, 0, '', '', 0, 0, 0, 0, 0),
(35, 0, 0, '', '', 0, 0, 0, 0, 0),
(36, 0, 0, '', '', 0, 0, 0, 0, 0),
(37, 0, 0, '', '', 0, 0, 0, 0, 0),
(38, 0, 0, '', '', 0, 0, 0, 0, 0),
(39, 0, 0, '', '', 0, 0, 0, 0, 0),
(40, 0, 0, '', '', 0, 0, 0, 0, 0),
(41, 0, 0, '', '', 0, 0, 0, 0, 0),
(42, 0, 0, '', '', 0, 0, 0, 0, 0),
(43, 0, 0, '', '', 0, 0, 0, 0, 0),
(44, 0, 0, '', '', 0, 0, 0, 0, 0),
(45, 0, 0, '', '', 0, 0, 0, 0, 0),
(46, 0, 0, '', '', 0, 0, 0, 0, 0),
(47, 0, 0, '', '', 0, 0, 0, 0, 0),
(48, 0, 0, '', '', 0, 0, 0, 0, 0),
(49, 0, 0, '', '', 0, 0, 0, 0, 0),
(50, 0, 0, '', '', 0, 0, 0, 0, 0),
(51, 0, 0, '', '', 0, 0, 0, 0, 0),
(52, 0, 0, '', '', 0, 0, 0, 0, 0),
(53, 0, 0, '', '', 0, 0, 0, 0, 0),
(54, 22, 372, 'shush', 'shush', 0, 1, 0, 0, 0),
(55, 12, 373, 'uysg', 'isuhu', 0, 1, 0, 0, 0),
(56, 0, 0, '', '', 0, 0, 0, 0, 0),
(57, 10, 587, 'erferd', '<p>drxfgvdf</p>', 0, 0, 1, 1, 1),
(58, 0, 0, '', '', 0, 0, 0, 0, 0),
(59, 0, 0, '', '', 0, 0, 0, 0, 0),
(60, 0, 0, '', '', 0, 0, 0, 0, 0),
(61, 0, 0, '', '', 0, 0, 0, 0, 0);

-- --------------------------------------------------------

--
-- Table structure for table `months`
--

CREATE TABLE IF NOT EXISTS `months` (
  `id` int(11) NOT NULL AUTO_INCREMENT,
  `january` tinyint(4) NOT NULL,
  `febuary` tinyint(4) NOT NULL,
  `march` tinyint(4) NOT NULL,
  `april` tinyint(4) NOT NULL,
  `may` tinyint(4) NOT NULL,
  `june` tinyint(4) NOT NULL,
  `july` tinyint(4) NOT NULL,
  `august` tinyint(4) NOT NULL,
  `september` tinyint(4) NOT NULL,
  `october` tinyint(4) NOT NULL,
  `november` tinyint(4) NOT NULL,
  `december` tinyint(4) NOT NULL,
  PRIMARY KEY (`id`)
) ENGINE=InnoDB  DEFAULT CHARSET=latin1 AUTO_INCREMENT=6 ;

--
-- Dumping data for table `months`
--

INSERT INTO `months` (`id`, `january`, `febuary`, `march`, `april`, `may`, `june`, `july`, `august`, `september`, `october`, `november`, `december`) VALUES
(1, 0, 0, 0, 0, 1, 1, 0, 0, 0, 0, 0, 0),
(2, 0, 0, 0, 1, 0, 0, 0, 0, 0, 0, 0, 0),
(3, 0, 0, 0, 1, 0, 0, 0, 0, 0, 0, 0, 0),
(4, 0, 0, 1, 1, 0, 0, 0, 0, 0, 0, 0, 0),
(5, 0, 0, 1, 1, 0, 0, 0, 0, 0, 0, 0, 0);

-- --------------------------------------------------------

--
-- Table structure for table `orders`
--

CREATE TABLE IF NOT EXISTS `orders` (
  `id` int(11) NOT NULL AUTO_INCREMENT,
  `master_id` int(11) NOT NULL,
  `user_id` int(11) NOT NULL,
  `company_id` int(11) NOT NULL,
  `site_id` int(11) NOT NULL,
  `date_id` int(11) NOT NULL,
  `ref` varchar(100) NOT NULL,
  `qty` tinyint(4) NOT NULL,
  `name` varchar(255) NOT NULL,
  `save` tinyint(4) NOT NULL,
  `parent_id` int(11) NOT NULL DEFAULT '0',
  `cancelled` tinyint(4) NOT NULL DEFAULT '0',
  `deleted` tinyint(4) NOT NULL,
  PRIMARY KEY (`id`)
) ENGINE=InnoDB  DEFAULT CHARSET=latin1 AUTO_INCREMENT=8 ;

--
-- Dumping data for table `orders`
--

INSERT INTO `orders` (`id`, `master_id`, `user_id`, `company_id`, `site_id`, `date_id`, `ref`, `qty`, `name`, `save`, `parent_id`, `cancelled`, `deleted`) VALUES
(1, 1, 1, 3, 1, 530, '#553ce430efb6e', 1, '', 0, 0, 0, 0),
(4, 1, 1, 3, 3, 533, '#553ce8d718b9f', 3, '', 0, 0, 0, 0),
(5, 1, 1, 3, 3, 543, '#554de327a95f1', 3, '', 0, 4, 0, 1),
(6, 1, 10, 4, 2, 560, '#556b2e59dbe7d', 1, '', 0, 0, 0, 0),
(7, 1, 1, 3, 1, 572, '#557307b9b275d', 1, '', 0, 0, 0, 0);

-- --------------------------------------------------------

--
-- Table structure for table `orders_temp`
--

CREATE TABLE IF NOT EXISTS `orders_temp` (
  `id` int(11) NOT NULL AUTO_INCREMENT,
  `session_id` varchar(40) NOT NULL,
  `product_id` int(11) NOT NULL,
  `qty` varchar(20) NOT NULL,
  `subtract` tinyint(4) NOT NULL DEFAULT '0',
  PRIMARY KEY (`id`)
) ENGINE=InnoDB  DEFAULT CHARSET=latin1 COMMENT='Tempory table for stores to track client usage' AUTO_INCREMENT=25 ;

--
-- Dumping data for table `orders_temp`
--

INSERT INTO `orders_temp` (`id`, `session_id`, `product_id`, `qty`, `subtract`) VALUES
(20, '626409555a880b30f3b154e6ad684e9b', 11, '2', 0),
(21, '626409555a880b30f3b154e6ad684e9b', 10, '2', 0),
(24, 'feab95b70ecac19d2487a109e7e129a9', 4, '2', 0);

-- --------------------------------------------------------

--
-- Table structure for table `order_history`
--

CREATE TABLE IF NOT EXISTS `order_history` (
  `id` int(11) NOT NULL AUTO_INCREMENT,
  `order_id` int(11) NOT NULL,
  `date_id` int(11) NOT NULL,
  PRIMARY KEY (`id`)
) ENGINE=InnoDB  DEFAULT CHARSET=latin1 AUTO_INCREMENT=8 ;

--
-- Dumping data for table `order_history`
--

INSERT INTO `order_history` (`id`, `order_id`, `date_id`) VALUES
(1, 1, 530),
(2, 2, 531),
(4, 4, 533),
(5, 5, 543),
(6, 6, 560),
(7, 7, 572);

-- --------------------------------------------------------

--
-- Table structure for table `order_items`
--

CREATE TABLE IF NOT EXISTS `order_items` (
  `id` int(11) NOT NULL AUTO_INCREMENT,
  `order_id` int(11) NOT NULL,
  `master_id` int(11) NOT NULL,
  `product_id` int(11) NOT NULL,
  `qty` int(11) NOT NULL,
  `order_history` int(11) NOT NULL,
  `updated` tinyint(4) DEFAULT NULL,
  `restock` date NOT NULL,
  PRIMARY KEY (`id`)
) ENGINE=InnoDB  DEFAULT CHARSET=latin1 AUTO_INCREMENT=13 ;

--
-- Dumping data for table `order_items`
--

INSERT INTO `order_items` (`id`, `order_id`, `master_id`, `product_id`, `qty`, `order_history`, `updated`, `restock`) VALUES
(1, 1, 1, 6, 10, 1, NULL, '0000-00-00'),
(2, 2, 1, 11, 3, 2, NULL, '0000-00-00'),
(3, 2, 1, 6, 4, 2, NULL, '0000-00-00'),
(5, 4, 1, 11, 2, 4, NULL, '0000-00-00'),
(6, 4, 1, 6, 4, 4, NULL, '0000-00-00'),
(7, 4, 1, 4, 4, 4, NULL, '0000-00-00'),
(8, 5, 1, 11, 4, 5, NULL, '0000-00-00'),
(9, 5, 1, 6, 4, 5, NULL, '0000-00-00'),
(10, 5, 1, 4, 4, 5, NULL, '0000-00-00'),
(11, 6, 1, 11, 1, 6, NULL, '0000-00-00'),
(12, 7, 1, 11, 2, 7, NULL, '0000-00-00');

-- --------------------------------------------------------

--
-- Table structure for table `order_restock`
--

CREATE TABLE IF NOT EXISTS `order_restock` (
  `id` int(11) NOT NULL AUTO_INCREMENT,
  `order_id` int(11) NOT NULL,
  `first_week` tinyint(4) NOT NULL,
  `second_week` tinyint(4) NOT NULL,
  `third_week` tinyint(4) NOT NULL,
  `last_week` tinyint(4) NOT NULL,
  `weekly` tinyint(4) NOT NULL,
  `fortnightly` int(11) NOT NULL,
  `days_id` int(11) NOT NULL,
  `month_id` int(11) NOT NULL,
  `date` date NOT NULL,
  PRIMARY KEY (`id`),
  KEY `days_id` (`days_id`,`month_id`),
  KEY `order_id` (`order_id`),
  KEY `date` (`date`)
) ENGINE=InnoDB  DEFAULT CHARSET=latin1 AUTO_INCREMENT=2 ;

--
-- Dumping data for table `order_restock`
--

INSERT INTO `order_restock` (`id`, `order_id`, `first_week`, `second_week`, `third_week`, `last_week`, `weekly`, `fortnightly`, `days_id`, `month_id`, `date`) VALUES
(1, 1, 0, 1, 0, 0, 0, 0, 12, 5, '2015-05-14');

-- --------------------------------------------------------

--
-- Table structure for table `products`
--

CREATE TABLE IF NOT EXISTS `products` (
  `id` int(11) NOT NULL AUTO_INCREMENT,
  `company_id` int(11) NOT NULL,
  `name` varchar(255) NOT NULL,
  `case_qty` int(11) NOT NULL,
  `qty` int(11) NOT NULL,
  `core_size` int(11) NOT NULL,
  `roll_size` int(11) NOT NULL,
  `measurement_id` int(11) NOT NULL,
  `cost` decimal(6,2) NOT NULL,
  `price` decimal(6,2) NOT NULL,
  `type` tinyint(4) NOT NULL,
  `date_id` int(11) NOT NULL,
  `master_id` int(11) NOT NULL,
  PRIMARY KEY (`id`)
) ENGINE=InnoDB  DEFAULT CHARSET=latin1 AUTO_INCREMENT=13 ;

--
-- Dumping data for table `products`
--

INSERT INTO `products` (`id`, `company_id`, `name`, `case_qty`, `qty`, `core_size`, `roll_size`, `measurement_id`, `cost`, `price`, `type`, `date_id`, `master_id`) VALUES
(1, 5, 'Work Shoes', 3, 20, 9, 0, 1, '39.98', '12.96', 1, 23, 1),
(2, 5, 'Red Buckets', 1, 7, 0, 0, 2, '2.99', '2.99', 2, 24, 1),
(3, 14, 'SCA jumbo toilet roll', 12, 0, 75, 0, 15, '19.95', '29.95', 1, 249, 1),
(4, 15, 'Cherry picker 20m', 0, 1, 0, 0, 16, '50.00', '50.00', 0, 251, 1),
(6, 16, 'Bleach 10%', 4, 19, 0, 0, 18, '4.95', '4.95', 0, 254, 1),
(7, 17, 'OMG centre feed roll blue 105m x 6', 6, 23, 0, 0, 19, '7.99', '19.99', 1, 256, 1),
(8, 18, 'Lady bug bucket', 1, 20, 0, 0, 20, '23.81', '23.81', 0, 258, 1),
(9, 18, 'Cloth all purpose', 5000, 21, 0, 0, 21, '2.50', '2.50', 0, 259, 1),
(10, 19, 'W565 wire brush 4 row stainless, plastic handle', 1, 12, 0, 0, 22, '11.98', '11.98', 0, 261, 1),
(11, 19, '24" Soft coco brush head', 1, 11, 0, 0, 23, '13.08', '13.08', 0, 262, 1),
(12, 19, 'N6 toilet brush + holder', 10, 21, 0, 0, 24, '32.35', '32.35', 1, 265, 1);

-- --------------------------------------------------------

--
-- Table structure for table `purchase_orders`
--

CREATE TABLE IF NOT EXISTS `purchase_orders` (
  `id` int(11) NOT NULL AUTO_INCREMENT,
  `master_id` int(11) NOT NULL,
  `company_id` int(11) NOT NULL,
  `site_id` int(11) NOT NULL,
  `supplier_id` int(11) NOT NULL DEFAULT '0',
  `order_id` int(11) NOT NULL DEFAULT '0',
  `purchase_ref` varchar(60) NOT NULL,
  `date` datetime NOT NULL,
  `order_type` tinyint(4) NOT NULL,
  `notes` mediumtext NOT NULL,
  `cost` decimal(4,2) NOT NULL,
  `tax` tinyint(4) NOT NULL DEFAULT '0',
  `deleted` tinyint(4) NOT NULL DEFAULT '0',
  PRIMARY KEY (`id`),
  KEY `company_id` (`company_id`,`site_id`,`supplier_id`,`order_id`),
  KEY `master_id` (`master_id`),
  KEY `company_id_2` (`company_id`),
  KEY `site_id` (`site_id`),
  KEY `order_id` (`order_id`)
) ENGINE=InnoDB  DEFAULT CHARSET=latin1 AUTO_INCREMENT=7 ;

--
-- Dumping data for table `purchase_orders`
--

INSERT INTO `purchase_orders` (`id`, `master_id`, `company_id`, `site_id`, `supplier_id`, `order_id`, `purchase_ref`, `date`, `order_type`, `notes`, `cost`, `tax`, `deleted`) VALUES
(3, 1, 3, 1, 14, 0, '556384a6803e3', '2015-05-25 20:23:02', 2, '<p>1 x box of 6ltr Sanitize gel for Reception</p><p>Charged out at 25.95, buy at 14.95</p>', '0.00', 0, 0),
(4, 1, 3, 1, 0, 1, '55648b2e084fd', '2015-05-26 15:03:10', 1, '<p>Some order Details</p>', '0.00', 0, 0),
(5, 1, 3, 3, 16, 0, '556b2cfb97421', '2015-05-31 15:47:07', 2, '<p>1 no case of 6</p><p>Handsan</p><p>Bought in price 7.47</p>', '12.99', 1, 0),
(6, 1, 4, 2, 0, 6, '556b2e96475aa', '2015-05-31 15:53:58', 1, '', '10.99', 0, 0);

-- --------------------------------------------------------

--
-- Table structure for table `qa`
--

CREATE TABLE IF NOT EXISTS `qa` (
  `id` int(11) NOT NULL AUTO_INCREMENT,
  `date_id` int(11) NOT NULL,
  `user_id` int(11) NOT NULL,
  `site_id` int(11) NOT NULL,
  `master_id` int(11) NOT NULL,
  `unique` varchar(100) NOT NULL,
  `score` tinyint(4) NOT NULL,
  `overall` tinyint(4) NOT NULL DEFAULT '0',
  PRIMARY KEY (`id`)
) ENGINE=InnoDB  DEFAULT CHARSET=latin1 AUTO_INCREMENT=9 ;

--
-- Dumping data for table `qa`
--

INSERT INTO `qa` (`id`, `date_id`, `user_id`, `site_id`, `master_id`, `unique`, `score`, `overall`) VALUES
(1, 376, 1, 1, 1, '550ec984990db', 6, 3),
(2, 377, 1, 1, 1, '550ec984990db', 9, 3),
(3, 378, 1, 1, 1, '550ec984990db', 6, 3),
(4, 379, 1, 1, 1, '550eca18d55bd', 4, 2),
(5, 380, 1, 1, 1, '550eca18d55bd', 6, 2),
(6, 381, 1, 1, 1, '550ec984990db', 12, 3),
(7, 574, 1, 1, 1, '0', 4, 2),
(8, 614, 1, 1, 1, '55cc64cb61c15', 11, 4);

-- --------------------------------------------------------

--
-- Table structure for table `qafiles`
--

CREATE TABLE IF NOT EXISTS `qafiles` (
  `id` int(11) NOT NULL AUTO_INCREMENT,
  `file_id` int(11) NOT NULL,
  `qa_id` int(11) NOT NULL,
  PRIMARY KEY (`id`)
) ENGINE=InnoDB DEFAULT CHARSET=latin1 AUTO_INCREMENT=1 ;

-- --------------------------------------------------------

--
-- Table structure for table `recipitent`
--

CREATE TABLE IF NOT EXISTS `recipitent` (
  `id` int(11) NOT NULL AUTO_INCREMENT,
  `recipitent_id` int(11) NOT NULL,
  `message_id` int(11) NOT NULL,
  `status` tinyint(4) NOT NULL,
  PRIMARY KEY (`id`)
) ENGINE=InnoDB  DEFAULT CHARSET=latin1 AUTO_INCREMENT=11 ;

--
-- Dumping data for table `recipitent`
--

INSERT INTO `recipitent` (`id`, `recipitent_id`, `message_id`, `status`) VALUES
(1, 11, 1, 2),
(3, 11, 7, 2),
(4, 10, 8, 2),
(5, 11, 9, 2),
(6, 1, 10, 2),
(7, 1, 13, 2),
(8, 1, 54, 0),
(9, 1, 55, 0),
(10, 1, 57, 1);

-- --------------------------------------------------------

--
-- Table structure for table `reference`
--

CREATE TABLE IF NOT EXISTS `reference` (
  `id` int(11) NOT NULL AUTO_INCREMENT,
  `reference` varchar(80) NOT NULL,
  PRIMARY KEY (`id`)
) ENGINE=InnoDB  DEFAULT CHARSET=latin1 AUTO_INCREMENT=22 ;

--
-- Dumping data for table `reference`
--

INSERT INTO `reference` (`id`, `reference`) VALUES
(1, '##04'),
(2, '##07'),
(3, '##053'),
(4, '##056'),
(5, '##0135'),
(6, '##0138'),
(7, '##0141'),
(8, '##0144'),
(9, '##0147'),
(10, '##0383'),
(11, '##0386'),
(12, '##0390'),
(13, '##0393'),
(14, '##0398'),
(15, '##0401'),
(16, '##0404'),
(17, '##0407'),
(18, '##0410'),
(19, '##0413'),
(20, '##0416'),
(21, '##0419');

-- --------------------------------------------------------

--
-- Table structure for table `restrictions`
--

CREATE TABLE IF NOT EXISTS `restrictions` (
  `id` int(11) NOT NULL AUTO_INCREMENT,
  `user_id` int(11) NOT NULL,
  `master_id` int(11) NOT NULL,
  `staff` tinyint(4) NOT NULL,
  `stores` tinyint(4) NOT NULL,
  `customers` tinyint(4) NOT NULL,
  `sites` tinyint(4) NOT NULL,
  `specifications` tinyint(4) NOT NULL,
  `suppliers` tinyint(4) NOT NULL,
  `sub_contractors` tinyint(4) NOT NULL,
  `scheduals` tinyint(4) NOT NULL,
  `work_orders` tinyint(4) NOT NULL,
  `documents` tinyint(4) NOT NULL,
  `contact_book` tinyint(4) NOT NULL,
  `accounts` tinyint(4) NOT NULL,
  `control_panel` tinyint(4) NOT NULL,
  PRIMARY KEY (`id`)
) ENGINE=InnoDB  DEFAULT CHARSET=latin1 AUTO_INCREMENT=5 ;

--
-- Dumping data for table `restrictions`
--

INSERT INTO `restrictions` (`id`, `user_id`, `master_id`, `staff`, `stores`, `customers`, `sites`, `specifications`, `suppliers`, `sub_contractors`, `scheduals`, `work_orders`, `documents`, `contact_book`, `accounts`, `control_panel`) VALUES
(1, 1, 1, 1, 1, 1, 1, 1, 1, 1, 1, 1, 1, 1, 1, 1),
(2, 10, 1, 2, 2, 2, 2, 2, 2, 2, 2, 3, 2, 2, 2, 2),
(3, 11, 1, 1, 1, 1, 1, 1, 1, 1, 1, 1, 1, 1, 1, 1),
(4, 16, 1, 2, 2, 2, 2, 2, 2, 2, 2, 2, 2, 2, 2, 2);

-- --------------------------------------------------------

--
-- Table structure for table `sci`
--

CREATE TABLE IF NOT EXISTS `sci` (
  `id` int(11) NOT NULL AUTO_INCREMENT,
  `dim_id` int(11) NOT NULL,
  `spec_id` int(11) NOT NULL,
  `site_id` int(11) NOT NULL,
  `density` tinyint(4) NOT NULL,
  `floor_type` tinyint(4) NOT NULL,
  `shape` varchar(50) NOT NULL,
  `no_urinals` tinyint(4) NOT NULL,
  `no_cubicals` tinyint(4) NOT NULL,
  `no_sinks` tinyint(4) NOT NULL,
  `stairway_name` varchar(100) NOT NULL,
  `no_stair_treds` int(11) NOT NULL,
  `mirror_area` varchar(40) NOT NULL,
  `message_id` int(11) NOT NULL,
  PRIMARY KEY (`id`)
) ENGINE=InnoDB  DEFAULT CHARSET=latin1 AUTO_INCREMENT=11 ;

--
-- Dumping data for table `sci`
--

INSERT INTO `sci` (`id`, `dim_id`, `spec_id`, `site_id`, `density`, `floor_type`, `shape`, `no_urinals`, `no_cubicals`, `no_sinks`, `stairway_name`, `no_stair_treds`, `mirror_area`, `message_id`) VALUES
(1, 1, 1, 1, 0, 0, '', 0, 0, 0, '', 0, '', 49),
(2, 2, 2, 1, 0, 0, '', 0, 0, 0, '', 0, '', 50),
(3, 3, 3, 1, 0, 0, '', 0, 0, 0, '', 0, '', 51),
(4, 4, 4, 1, 0, 0, '', 0, 0, 0, '', 0, '', 52),
(5, 5, 5, 1, 0, 0, '', 0, 0, 0, '', 0, '', 53),
(6, 6, 6, 5, 0, 0, '', 0, 0, 0, '', 0, '', 56),
(7, 7, 7, 1, 0, 0, '', 0, 0, 0, '', 0, '', 58),
(8, 8, 8, 1, 0, 0, '', 0, 0, 0, '', 0, '', 59),
(9, 9, 9, 1, 0, 0, '', 0, 0, 0, '', 0, '', 60),
(10, 10, 10, 1, 0, 0, '', 0, 0, 0, '', 0, '', 61);

-- --------------------------------------------------------

--
-- Table structure for table `sites`
--

CREATE TABLE IF NOT EXISTS `sites` (
  `id` int(11) NOT NULL AUTO_INCREMENT,
  `site_name` varchar(150) DEFAULT NULL,
  `site_reference` varchar(150) NOT NULL,
  `company_id` int(11) NOT NULL,
  `address_id` int(11) NOT NULL,
  `domain` tinyint(4) NOT NULL,
  PRIMARY KEY (`id`)
) ENGINE=InnoDB  DEFAULT CHARSET=latin1 AUTO_INCREMENT=6 ;

--
-- Dumping data for table `sites`
--

INSERT INTO `sites` (`id`, `site_name`, `site_reference`, `company_id`, `address_id`, `domain`) VALUES
(1, 'Company Head Quarters xxx', '#R&#03', 3, 7, 1),
(2, 'Company Head Quarters', '##04', 4, 9, 1),
(3, 'Main Office', '#M#03', 3, 14, 0),
(4, 'afhzdfhzdfh', '##03', 3, 15, 0),
(5, 'Second site', '#S#03', 3, 25, 0);

-- --------------------------------------------------------

--
-- Table structure for table `spec`
--

CREATE TABLE IF NOT EXISTS `spec` (
  `id` int(11) NOT NULL AUTO_INCREMENT,
  `site_id` int(11) NOT NULL,
  `user_id` int(11) NOT NULL,
  `date_id` int(11) NOT NULL,
  `area` varchar(255) NOT NULL,
  `unique` varchar(50) NOT NULL,
  `spec_type` tinyint(4) NOT NULL,
  `sci` tinyint(4) NOT NULL,
  `spec_name` varchar(255) DEFAULT NULL,
  `saved` tinyint(4) NOT NULL,
  `deleted` tinyint(4) NOT NULL,
  PRIMARY KEY (`id`)
) ENGINE=InnoDB  DEFAULT CHARSET=latin1 AUTO_INCREMENT=11 ;

--
-- Dumping data for table `spec`
--

INSERT INTO `spec` (`id`, `site_id`, `user_id`, `date_id`, `area`, `unique`, `spec_type`, `sci`, `spec_name`, `saved`, `deleted`) VALUES
(1, 1, 1, 366, 'Main Office', '550ec984990db', 0, 0, 'Scotts Wharf', 1, 0),
(2, 1, 1, 366, 'Back Office', '550ec984990db', 0, 0, 'Scotts Wharf', 1, 0),
(3, 1, 1, 366, 'Main Bog', '550ec984990db', 1, 0, 'Scotts Wharf', 1, 0),
(4, 1, 1, 367, 'Downstairs Main Office', '550eca18d55bd', 0, 0, 'Downsatirs Schotts wharf', 1, 0),
(5, 1, 1, 367, 'Back stairs', '550eca18d55bd', 2, 0, 'Downsatirs Schotts wharf', 1, 0),
(6, 5, 1, 573, 'downstairs lobby', '55730bbae7edc', 0, 0, NULL, 0, 0),
(7, 1, 1, 613, 'Warehouse', '55cc64cb61c15', 0, 0, 'Main Site', 1, 0),
(8, 1, 1, 613, 'Downstairs shitter', '55cc64cb61c15', 1, 0, 'Main Site', 1, 0),
(9, 1, 1, 613, 'Main stairwell', '55cc64cb61c15', 2, 0, 'Main Site', 1, 0),
(10, 1, 1, 613, 'Main Office', '55cc64cb61c15', 0, 0, 'Main Site', 1, 0);

-- --------------------------------------------------------

--
-- Table structure for table `staff`
--

CREATE TABLE IF NOT EXISTS `staff` (
  `id` int(22) NOT NULL AUTO_INCREMENT,
  `master_id` int(11) NOT NULL,
  `user_id` int(22) NOT NULL,
  `type` tinyint(4) NOT NULL,
  `job_title` varchar(50) COLLATE utf8_unicode_ci DEFAULT NULL,
  `employment_basis` tinyint(4) NOT NULL,
  `start_from` int(22) NOT NULL,
  `end_from` int(22) NOT NULL,
  `job_position` varchar(255) COLLATE utf8_unicode_ci DEFAULT NULL,
  `first_job` tinyint(4) NOT NULL,
  `only_job` tinyint(4) NOT NULL,
  `bank_hol_ent` tinyint(4) NOT NULL,
  `hol_ent` tinyint(4) NOT NULL,
  `p45` tinyint(4) NOT NULL,
  `ni_number` varchar(12) COLLATE utf8_unicode_ci DEFAULT NULL,
  `description` text COLLATE utf8_unicode_ci,
  `status` tinyint(4) NOT NULL,
  `deleted` tinyint(4) NOT NULL,
  PRIMARY KEY (`id`)
) ENGINE=InnoDB  DEFAULT CHARSET=utf8 COLLATE=utf8_unicode_ci AUTO_INCREMENT=27 ;

--
-- Dumping data for table `staff`
--

INSERT INTO `staff` (`id`, `master_id`, `user_id`, `type`, `job_title`, `employment_basis`, `start_from`, `end_from`, `job_position`, `first_job`, `only_job`, `bank_hol_ent`, `hol_ent`, `p45`, `ni_number`, `description`, `status`, `deleted`) VALUES
(25, 1, 45, 0, 'General Cleaner', 0, 418, 0, 'Cleaner', 1, 1, 1, 1, 1, 'jh34 67 67y', 'dfgvr fgbrtgf', 0, 0),
(26, 1, 46, 0, 'General Cleaner', 0, 421, 0, 'Cleaner', 1, 1, 1, 1, 1, 'js232323g', '', 0, 0);

-- --------------------------------------------------------

--
-- Table structure for table `tasks`
--

CREATE TABLE IF NOT EXISTS `tasks` (
  `id` int(11) NOT NULL AUTO_INCREMENT,
  `spec_id` int(11) NOT NULL,
  `broom` tinyint(4) NOT NULL,
  `kex` tinyint(4) NOT NULL,
  `spot` tinyint(4) NOT NULL,
  `full` tinyint(4) NOT NULL,
  `spot_vac` tinyint(4) NOT NULL,
  `full_vac` tinyint(4) NOT NULL,
  `rubbish` tinyint(4) NOT NULL,
  `spray_furn` tinyint(4) NOT NULL,
  `spray_surf` tinyint(4) NOT NULL,
  `sink` tinyint(4) NOT NULL,
  `low_dust` tinyint(4) NOT NULL,
  `high_dust` tinyint(4) NOT NULL,
  `tel` tinyint(4) NOT NULL,
  `clean_light` tinyint(4) NOT NULL,
  `clean_skirt` tinyint(4) NOT NULL,
  `clean_hand` tinyint(4) NOT NULL,
  `lift_panel` tinyint(4) NOT NULL,
  `toilet_bowl` tinyint(4) NOT NULL,
  `toilet_fitting` tinyint(4) NOT NULL,
  `hand_basins` tinyint(4) NOT NULL,
  `mirrors` tinyint(4) NOT NULL,
  `dispensers` tinyint(4) NOT NULL,
  `replenish` tinyint(4) NOT NULL,
  PRIMARY KEY (`id`)
) ENGINE=InnoDB  DEFAULT CHARSET=latin1 AUTO_INCREMENT=11 ;

--
-- Dumping data for table `tasks`
--

INSERT INTO `tasks` (`id`, `spec_id`, `broom`, `kex`, `spot`, `full`, `spot_vac`, `full_vac`, `rubbish`, `spray_furn`, `spray_surf`, `sink`, `low_dust`, `high_dust`, `tel`, `clean_light`, `clean_skirt`, `clean_hand`, `lift_panel`, `toilet_bowl`, `toilet_fitting`, `hand_basins`, `mirrors`, `dispensers`, `replenish`) VALUES
(1, 1, 0, 2, 0, 0, 0, 0, 0, 2, 0, 0, 0, 0, 2, 0, 0, 0, 2, 0, 0, 0, 0, 0, 0),
(2, 2, 0, 3, 0, 0, 0, 0, 0, 0, 3, 0, 0, 0, 0, 0, 3, 0, 0, 0, 0, 0, 3, 0, 0),
(3, 3, 0, 3, 0, 0, 0, 3, 0, 0, 0, 0, 3, 0, 0, 0, 0, 0, 3, 0, 3, 3, 0, 3, 3),
(4, 4, 0, 2, 0, 0, 2, 2, 0, 0, 0, 2, 0, 2, 0, 0, 2, 0, 2, 0, 0, 0, 0, 0, 0),
(5, 5, 0, 2, 0, 0, 0, 2, 0, 0, 2, 0, 0, 0, 0, 2, 0, 0, 0, 0, 0, 0, 2, 0, 0),
(6, 6, 0, 0, 0, 2, 0, 2, 0, 0, 0, 0, 0, 2, 0, 0, 2, 0, 0, 0, 0, 0, 2, 0, 0),
(7, 7, 0, 2, 0, 2, 0, 2, 0, 2, 0, 0, 2, 0, 0, 2, 0, 0, 2, 0, 0, 0, 2, 0, 0),
(8, 8, 0, 2, 0, 2, 0, 0, 0, 2, 0, 0, 0, 0, 0, 0, 2, 0, 0, 0, 2, 2, 0, 2, 2),
(9, 9, 0, 0, 2, 0, 2, 2, 0, 0, 0, 0, 2, 0, 2, 0, 0, 0, 2, 0, 0, 0, 2, 0, 0),
(10, 10, 0, 2, 0, 2, 0, 2, 0, 2, 0, 0, 2, 0, 0, 2, 0, 2, 0, 0, 0, 0, 2, 0, 0);

-- --------------------------------------------------------

--
-- Table structure for table `urls`
--

CREATE TABLE IF NOT EXISTS `urls` (
  `id` int(11) NOT NULL AUTO_INCREMENT,
  `company_id` int(11) NOT NULL,
  `name` varchar(100) NOT NULL,
  `slug` varchar(255) NOT NULL,
  PRIMARY KEY (`id`)
) ENGINE=InnoDB  DEFAULT CHARSET=latin1 AUTO_INCREMENT=14 ;

--
-- Dumping data for table `urls`
--

INSERT INTO `urls` (`id`, `company_id`, `name`, `slug`) VALUES
(1, 5, 'Main Website', 'www.test.com'),
(2, 5, 'Work Shoes', 'www.test.com/shoes/white/size/9'),
(3, 14, 'Website catalogue', 'http://www.bunzlchs.com/'),
(4, 15, 'HSS website', 'http://www.hss.com/'),
(5, 16, 'Website', 'www.multexchemicals.co.uk'),
(7, 17, 'Products', 'http://cpd-plc.co.uk/process/products'),
(8, 17, 'Products', 'http://cpd-direct.co.uk/'),
(10, 18, 'Lady bug bucket', 'http://hullcleaningsupplies.co.uk/shop/product_info.php/products_id/752'),
(11, 18, 'Cloths', 'http://hullcleaningsupplies.co.uk/shop/index.php/cPath/116_164'),
(13, 19, 'Stuff', 'https://alpinehygiene.com/hygiene-and-janitorial/housekeeping/mops-brushes-buckets.html');

-- --------------------------------------------------------

--
-- Table structure for table `users`
--

CREATE TABLE IF NOT EXISTS `users` (
  `id` int(11) NOT NULL AUTO_INCREMENT,
  `master_id` int(11) NOT NULL,
  `title` enum('Mr','Miss','Mrs','Prof','Dr','Fr','other') COLLATE utf8_unicode_ci NOT NULL,
  `first_name` varchar(25) COLLATE utf8_unicode_ci NOT NULL,
  `last_name` varchar(25) COLLATE utf8_unicode_ci NOT NULL,
  `gender` enum('Male','Female') COLLATE utf8_unicode_ci NOT NULL,
  `type` tinyint(4) NOT NULL,
  `dob_id` int(11) NOT NULL,
  `address_id` int(11) NOT NULL,
  `contact_id` int(11) NOT NULL,
  `company_id` int(11) NOT NULL,
  `profile_id` int(11) NOT NULL,
  `date_id` int(11) NOT NULL,
  `reference_id` int(11) NOT NULL,
  `parent_id` int(11) NOT NULL,
  `active` tinyint(4) NOT NULL,
  PRIMARY KEY (`id`)
) ENGINE=InnoDB  DEFAULT CHARSET=utf8 COLLATE=utf8_unicode_ci AUTO_INCREMENT=47 ;

--
-- Dumping data for table `users`
--

INSERT INTO `users` (`id`, `master_id`, `title`, `first_name`, `last_name`, `gender`, `type`, `dob_id`, `address_id`, `contact_id`, `company_id`, `profile_id`, `date_id`, `reference_id`, `parent_id`, `active`) VALUES
(1, 1, 'Mr', 'Paul', 'Stevenson', 'Female', 2, 1, 1, 1, 2, 0, 2, 0, 0, 1),
(4, 1, 'Mr', 'Mike', 'Hallgate', 'Male', 7, 0, 7, 4, 3, 0, 0, 0, 0, 0),
(5, 1, 'Mr', 'John', 'Bishop', 'Male', 7, 0, 9, 7, 4, 0, 0, 0, 0, 0),
(6, 1, 'Mr', 'Kevin', 'Bridges', 'Male', 8, 0, 10, 10, 5, 0, 19, 0, 0, 0),
(8, 1, 'Mr', 'Paul', 'Nield', 'Male', 8, 0, 12, 12, 7, 0, 21, 0, 0, 0),
(10, 1, 'Mr', 'Julian', 'Green', 'Male', 5, 0, 0, 14, 2, 0, 26, 0, 0, 0),
(11, 1, 'Mr', 'Kieran', 'Taylor', 'Male', 5, 0, 0, 15, 2, 0, 29, 0, 0, 0),
(12, 1, 'Mr', 'dsvsdvgsdv', 'kjgfsv', 'Male', 0, 0, 0, 16, 0, 0, 0, 0, 0, 0),
(13, 1, 'Mr', 'dfhasfh', 'afshadfh', 'Male', 0, 0, 0, 17, 0, 0, 0, 0, 0, 0),
(15, 1, 'Mr', 'Peter', 'Pooper', 'Male', 6, 56, 18, 19, 1, 0, 57, 4, 0, 0),
(16, 1, 'Mr', 'test', 'account', 'Male', 5, 0, 0, 20, 2, 0, 60, 0, 0, 0),
(21, 1, 'Mr', 'Kieth', 'Slater', 'Male', 10, 0, 24, 25, 13, 0, 0, 0, 0, 0),
(22, 1, 'Mr', 'Kieran', 'Cowap', 'Male', 0, 0, 0, 26, 0, 0, 0, 0, 0, 0),
(23, 1, 'Mr', 'Kevin', 'Bacon', 'Male', 0, 0, 0, 27, 0, 0, 0, 0, 0, 0),
(29, 1, 'Mr', 'Sam', 'Smith', 'Male', 8, 0, 36, 33, 14, 0, 239, 0, 0, 0),
(30, 1, 'Mr', 'Ben', 'Dover', 'Male', 8, 0, 37, 34, 15, 0, 250, 0, 0, 0),
(31, 1, 'Mr', 'Mike', 'Hunt', 'Male', 8, 0, 38, 35, 16, 0, 253, 0, 0, 0),
(32, 1, 'Mr', 'Bill', 'Ding', 'Male', 8, 0, 39, 36, 17, 0, 255, 0, 0, 0),
(33, 1, 'Mr', 'Alan', 'Bino', 'Male', 8, 0, 40, 37, 18, 0, 257, 0, 0, 0),
(34, 1, 'Mr', 'Edwardo', 'Thegreat', 'Male', 8, 0, 41, 38, 19, 0, 260, 0, 0, 0),
(37, 1, 'Mr', '6yhtb', 'ytguh', 'Male', 6, 390, 45, 41, 1, 0, 391, 12, 0, 0),
(39, 1, 'Mr', 'ytujy6tyuh', '65tyh65ty', 'Male', 6, 398, 47, 43, 1, 0, 399, 14, 0, 0),
(44, 1, 'Mr', 'ytujy6tyuh', '65tyh65ty', 'Male', 6, 413, 52, 48, 1, 0, 414, 19, 0, 0),
(45, 1, 'Mr', 'Timothy', 'Parker', 'Male', 6, 416, 53, 49, 1, 0, 417, 20, 0, 0),
(46, 1, 'Mrs', 'Joanne', 'Stevenson', 'Female', 6, 419, 54, 50, 1, 0, 420, 21, 0, 0);

-- --------------------------------------------------------

--
-- Table structure for table `wk_orders`
--

CREATE TABLE IF NOT EXISTS `wk_orders` (
  `id` int(11) NOT NULL AUTO_INCREMENT,
  `type` tinyint(4) NOT NULL,
  `order_num` varchar(50) NOT NULL,
  `job_desc` text NOT NULL,
  `com_id` int(11) NOT NULL,
  `fin_id` int(11) NOT NULL,
  `wo_number` int(11) NOT NULL,
  `days_id` int(11) NOT NULL,
  `labour_hours` int(11) NOT NULL,
  `labour_cost` decimal(10,2) NOT NULL,
  `material_cost` decimal(10,2) NOT NULL,
  `machine_cost` decimal(10,2) NOT NULL,
  `total_cost` decimal(10,2) NOT NULL,
  `invoice_number` int(11) NOT NULL,
  `site_id` int(11) NOT NULL,
  `comp_id` int(11) NOT NULL,
  `master_id` int(11) NOT NULL,
  `date_id` int(11) NOT NULL,
  `deleted` tinyint(4) NOT NULL DEFAULT '0',
  PRIMARY KEY (`id`)
) ENGINE=InnoDB  DEFAULT CHARSET=latin1 AUTO_INCREMENT=8 ;

--
-- Dumping data for table `wk_orders`
--

INSERT INTO `wk_orders` (`id`, `type`, `order_num`, `job_desc`, `com_id`, `fin_id`, `wo_number`, `days_id`, `labour_hours`, `labour_cost`, `material_cost`, `machine_cost`, `total_cost`, `invoice_number`, `site_id`, `comp_id`, `master_id`, `date_id`, `deleted`) VALUES
(1, 2, '54d4eb40a1ae2', '<p>Ongoing Office Clean, Don''t clean the cocaine cabinet</p>', 12, 13, 0, 1, 25, '7.95', '12.95', '0.00', '235.67', 1, 1, 3, 1, 14, 0),
(2, 1, '54d4eb498frg', '<p>Temp Office Clean</p>', 15, 16, 0, 2, 23, '23.00', '23.00', '0.00', '45.00', 0, 2, 4, 1, 17, 0),
(3, 2, '54d4e7ff87ae2', '<p>kl.loik,</p>', 232, 233, 0, 3, 23, '321.00', '23.00', '23.00', '2324.00', 2, 1, 3, 1, 234, 0),
(4, 2, '54d891dcb0f01', '<p>Clean bin store</p>', 243, 244, 0, 4, 1, '0.00', '0.00', '0.00', '0.00', 0, 1, 3, 1, 245, 0),
(5, 1, '54d891ed33ad5', '<p>Clean bin store</p>', 246, 247, 0, 5, 1, '0.00', '0.00', '0.00', '0.00', 0, 1, 3, 1, 248, 0),
(6, 1, '55460b8e29078', '<span class="redactor_placeholder" data-redactor="verified" c>Job Description</span>', 538, 0, 0, 6, 0, '0.00', '0.00', '0.00', '0.00', 0, 1, 3, 1, 539, 0),
(7, 1, '556b3349b5696', '<p>Magic show 12 hr non stop</p>', 561, 562, 0, 13, 12, '0.00', '0.00', '0.00', '0.00', 2, 1, 3, 1, 563, 0);

-- --------------------------------------------------------

--
-- Table structure for table `wk_orders_staff`
--

CREATE TABLE IF NOT EXISTS `wk_orders_staff` (
  `id` int(11) NOT NULL AUTO_INCREMENT,
  `wk_order_id` int(11) NOT NULL,
  `staff_id` int(11) NOT NULL,
  `start_time` varchar(20) NOT NULL,
  `end_time` varchar(20) NOT NULL,
  PRIMARY KEY (`id`)
) ENGINE=InnoDB  DEFAULT CHARSET=latin1 AUTO_INCREMENT=4 ;

--
-- Dumping data for table `wk_orders_staff`
--

INSERT INTO `wk_orders_staff` (`id`, `wk_order_id`, `staff_id`, `start_time`, `end_time`) VALUES
(1, 2, 25, '08:00 AM', '11:00 AM'),
(2, 6, 25, '08:00 AM', '09:00 AM'),
(3, 7, 26, '06:00 AM', '06:00 PM');

-- --------------------------------------------------------

--
-- Table structure for table `workwear`
--

CREATE TABLE IF NOT EXISTS `workwear` (
  `id` int(11) NOT NULL AUTO_INCREMENT,
  `staff_id` int(11) NOT NULL,
  `workwear` tinyint(4) NOT NULL,
  `workwear_info` text NOT NULL,
  PRIMARY KEY (`id`)
) ENGINE=InnoDB  DEFAULT CHARSET=latin1 AUTO_INCREMENT=22 ;

--
-- Dumping data for table `workwear`
--

INSERT INTO `workwear` (`id`, `staff_id`, `workwear`, `workwear_info`) VALUES
(1, 1, 1, 'Some stuff'),
(2, 2, 1, 'Some stuff'),
(3, 3, 1, '83 Packets of Condoms and a Packet of Pork Scratchings'),
(4, 4, 1, '83 Packets of Condoms and a Packet of Pork Scratchings'),
(5, 10, 1, 'fgdgvrdfcfv '),
(6, 11, 1, 'fgdgvrdfcfv '),
(7, 12, 1, 'fgdgvrdfcfv '),
(8, 13, 1, 'fgdgvrdfcfv '),
(9, 14, 1, 'fgdgvrdfcfv '),
(10, 15, 0, '23'),
(11, 16, 0, '5rtyg'),
(12, 17, 0, ''),
(13, 18, 0, ''),
(14, 19, 0, ''),
(15, 20, 0, ''),
(16, 21, 0, ''),
(17, 22, 0, ''),
(18, 23, 0, ''),
(19, 24, 0, ''),
(20, 25, 0, ''),
(21, 26, 1, 'dfgverdf');

/*!40101 SET CHARACTER_SET_CLIENT=@OLD_CHARACTER_SET_CLIENT */;
/*!40101 SET CHARACTER_SET_RESULTS=@OLD_CHARACTER_SET_RESULTS */;
/*!40101 SET COLLATION_CONNECTION=@OLD_COLLATION_CONNECTION */;
